ensembl_id,symbol
ENSG00000060718,COL11A1
ENSG00000174827,PDZK1
ENSG00000136883,KIF12
ENSG00000126010,GRPR
ENSG00000099953,MMP11
ENSG00000165474,GJB2
ENSG00000130208,APOC1
ENSG00000123500,COL10A1
ENSG00000122641,INHBA
ENSG00000196611,MMP1
ENSG00000151790,TDO2
ENSG00000137745,MMP13
ENSG00000115593,SMYD1
ENSG00000135063,ENTREP1
ENSG00000137872,SEMA6D
ENSG00000163879,DNALI1
ENSG00000130045,NXNL2
ENSG00000164694,FNDC1
ENSG00000230838,LINC01614
ENSG00000180264,ADGRD2
ENSG00000105664,COMP
ENSG00000066279,ASPM
ENSG00000171848,RRM2
ENSG00000286214,COPG2IT1
ENSG00000134533,RERG
ENSG00000154529,CNTNAP3B
ENSG00000007216,SLC13A2
ENSG00000164309,CMYA5
ENSG00000134028,ADAMDEC1
ENSG00000083782,EPYC
ENSG00000170271,FAXDC2
ENSG00000179934,CCR8
ENSG00000278828,H3C10
ENSG00000169515,CCDC8
ENSG00000115414,FN1
ENSG00000225362,CT62
ENSG00000016602,CLCA4
ENSG00000100276,RASL10A
ENSG00000204262,COL5A2
ENSG00000029993,HMGB3
ENSG00000137225,CAPN11
ENSG00000130032,PRRG3
ENSG00000212766,EWSAT1
ENSG00000112984,KIF20A
ENSG00000197903,H2BC12
ENSG00000170962,PDGFD
ENSG00000140379,BCL2A1
ENSG00000196747,H2AC13
ENSG00000203727,SAMD5
ENSG00000104951,IL4I1
ENSG00000174611,KY
ENSG00000141526,SLC16A3
ENSG00000224137,LINC01857
ENSG00000153246,PLA2R1
ENSG00000117586,TNFSF4
ENSG00000213366,GSTM2
ENSG00000120251,GRIA2
ENSG00000086717,PPEF1
ENSG00000290541,CYP4F29P
ENSG00000110195,FOLR1
ENSG00000204767,INSYN2B
ENSG00000101955,SRPX
ENSG00000147570,DNAJC5B
ENSG00000150281,CTF1
ENSG00000177098,SCN4B
ENSG00000166006,KCNC2
ENSG00000162849,KIF26B
ENSG00000130635,COL5A1
ENSG00000106004,HOXA5
ENSG00000148773,MKI67
ENSG00000117215,PLA2G2D
ENSG00000276043,UHRF1
ENSG00000151778,SERP2
ENSG00000277639,CHD9NB
ENSG00000136158,SPRY2
ENSG00000113739,STC2
ENSG00000165197,VEGFD
ENSG00000186283,TOR3A
ENSG00000187837,H1-2
ENSG00000170312,CDK1
ENSG00000112320,SOBP
ENSG00000117650,NEK2
ENSG00000106278,PTPRZ1
ENSG00000147255,IGSF1
ENSG00000092853,CLSPN
ENSG00000100526,CDKN3
ENSG00000037042,TUBG2
ENSG00000189057,FAM111B
ENSG00000126787,DLGAP5
ENSG00000171320,ESCO2
ENSG00000203805,PLPP4
ENSG00000165194,PCDH19
ENSG00000174371,EXO1
ENSG00000211659,IGLV3-25
ENSG00000165304,MELK
ENSG00000119950,MXI1
ENSG00000236313,VN1R53P
ENSG00000151651,ADAM8
ENSG00000154839,SKA1
ENSG00000091831,ESR1
ENSG00000132561,MATN2
ENSG00000165480,SKA3
ENSG00000164611,PTTG1
ENSG00000135094,SDS
ENSG00000184937,WT1
ENSG00000175063,UBE2C
ENSG00000125931,CITED1
ENSG00000164932,CTHRC1
ENSG00000123485,HJURP
ENSG00000049249,TNFRSF9
ENSG00000093009,CDC45
ENSG00000100626,GALNT16
ENSG00000134760,DSG1
ENSG00000161888,SPC24
ENSG00000146410,MTFR2
ENSG00000179796,LRRC3B
ENSG00000168078,PBK
ENSG00000138778,CENPE
ENSG00000111206,FOXM1
ENSG00000109674,NEIL3
ENSG00000101057,MYBL2
ENSG00000117984,CTSD
ENSG00000138755,CXCL9
ENSG00000087586,AURKA
ENSG00000146070,PLA2G7
ENSG00000163884,KLF15
ENSG00000172478,MAB21L4
ENSG00000127743,IL17B
ENSG00000164128,NPY1R
ENSG00000088325,TPX2
ENSG00000143476,DTL
ENSG00000171310,CHST11
ENSG00000262406,MMP12
ENSG00000156234,CXCL13
ENSG00000174326,SLC16A11
ENSG00000158458,NRG2
ENSG00000165621,OXGR1
ENSG00000221955,SLC12A8
ENSG00000167553,TUBA1C
ENSG00000168004,PLAAT5
ENSG00000103257,SLC7A5
ENSG00000080986,NDC80
ENSG00000011426,ANLN
ENSG00000186074,CD300LF
ENSG00000277494,GPIHBP1
ENSG00000090889,KIF4A
ENSG00000174680,GRIK1-AS1
ENSG00000186301,MST1P2
ENSG00000138316,ADAMTS14
ENSG00000251141,MRPS30-DT
ENSG00000168476,REEP4
ENSG00000134690,CDCA8
ENSG00000198814,GK
ENSG00000128606,LRRC17
ENSG00000104321,TRPA1
ENSG00000139144,PIK3C2G
ENSG00000039139,DNAH5
ENSG00000104368,PLAT
ENSG00000205420,KRT6A
ENSG00000138131,LOXL4
ENSG00000099769,IGFALS
ENSG00000186847,KRT14
ENSG00000152527,PLEKHH2
ENSG00000162063,CCNF
ENSG00000249661,TNRC18P1
ENSG00000154736,ADAMTS5
ENSG00000070031,SCT
ENSG00000164733,CTSB
ENSG00000094804,CDC6
ENSG00000145050,MANF
ENSG00000128965,CHAC1
ENSG00000223485,LINC01615
ENSG00000188517,COL25A1
ENSG00000159176,CSRP1
ENSG00000284753,EEF1AKMT4
ENSG00000291119,DPY19L2P4
ENSG00000100985,MMP9
ENSG00000170959,DCDC1
ENSG00000129173,E2F8
ENSG00000180660,MAB21L1
ENSG00000050555,LAMC3
ENSG00000174498,IGDCC3
ENSG00000111341,MGP
ENSG00000007402,CACNA2D2
ENSG00000275385,CCL18
ENSG00000137573,SULF1
ENSG00000197409,H3C4
ENSG00000129757,CDKN1C
ENSG00000197308,GATA3-AS1
ENSG00000185585,OLFML2A
ENSG00000109805,NCAPG
ENSG00000142945,KIF2C
ENSG00000165821,SALL2
ENSG00000172061,LRRC15
ENSG00000134668,SPOCD1
ENSG00000100162,CENPM
ENSG00000117724,CENPF
ENSG00000085840,ORC1
ENSG00000156738,MS4A1
ENSG00000130304,SLC27A1
ENSG00000007968,E2F2
ENSG00000135547,HEY2
ENSG00000164056,SPRY1
ENSG00000165349,SLC7A3
ENSG00000231023,LINC00326
ENSG00000163017,ACTG2
ENSG00000091651,ORC6
ENSG00000109846,CRYAB
ENSG00000211896,IGHG1
ENSG00000117399,CDC20
ENSG00000137812,KNL1
ENSG00000155980,KIF5A
ENSG00000119147,ECRG4
ENSG00000145386,CCNA2
ENSG00000007372,PAX6
ENSG00000118777,ABCG2
ENSG00000178965,ERICH3
ENSG00000231131,LOC105378305
ENSG00000034239,CLXN
ENSG00000241158,ADAMTS9-AS1
ENSG00000198838,RYR3
ENSG00000113368,LMNB1
ENSG00000161055,SCGB3A1
ENSG00000169136,ATF5
ENSG00000265206,MIR142HG
ENSG00000227888,FAM86B2-DT
ENSG00000138435,CHRNA1
ENSG00000180914,OXTR
ENSG00000211956,IGHV4-34
ENSG00000154678,PDE1C
ENSG00000182983,ZNF662
ENSG00000290801,LINC00993
ENSG00000058404,CAMK2B
ENSG00000144891,AGTR1
ENSG00000173258,ZNF483
ENSG00000186871,ERCC6L
ENSG00000180549,FUT7
ENSG00000173947,CIMAP3
ENSG00000139734,DIAPH3
ENSG00000089685,BIRC5
ENSG00000187824,TMEM220
ENSG00000163600,ICOS
ENSG00000138685,FGF2
ENSG00000108924,HLF
ENSG00000196932,TMEM26
ENSG00000181467,RAP2B
ENSG00000196092,PAX5
ENSG00000276644,DACH1
ENSG00000143127,ITGA10
ENSG00000151623,NR3C2
ENSG00000104415,CCN4
ENSG00000197472,ZNF695
ENSG00000127564,PKMYT1
ENSG00000186642,PDE2A
ENSG00000075218,GTSE1
ENSG00000269289,ZNF276-AS1
ENSG00000171189,GRIK1
ENSG00000135451,TROAP
ENSG00000157456,CCNB2
ENSG00000215915,ATAD3C
ENSG00000185527,PDE6G
ENSG00000161649,CD300LG
ENSG00000225950,NTF4
ENSG00000161800,RACGAP1
ENSG00000132185,FCRLA
ENSG00000259030,FPGT-TNNI3K
ENSG00000106462,EZH2
ENSG00000241684,ADAMTS9-AS2
ENSG00000178662,CSRNP3
ENSG00000105894,PTN
ENSG00000108821,COL1A1
ENSG00000154451,GBP5
ENSG00000138180,CEP55
ENSG00000128203,ASPHD2
ENSG00000160883,HK3
ENSG00000116661,FBXO2
ENSG00000035499,DEPDC1B
ENSG00000133216,EPHB2
ENSG00000249669,CARMN
ENSG00000300966,LOC107986528
ENSG00000252621,Y_RNA
ENSG00000138160,KIF11
ENSG00000134824,FADS2
ENSG00000253250,C8orf88
ENSG00000237649,KIFC1
ENSG00000103522,IL21R
ENSG00000150764,DIXDC1
ENSG00000126351,THRA
ENSG00000101447,SACK1D
ENSG00000171962,DRC3
ENSG00000170373,CST1
ENSG00000166450,PRTG
ENSG00000224713,ARHGEF25-AS1
ENSG00000241935,HOGA1
ENSG00000051341,POLQ
ENSG00000184661,CDCA2
ENSG00000025423,HSD17B6
ENSG00000156970,BUB1B
ENSG00000105989,WNT2
ENSG00000123473,STIL
ENSG00000197299,BLM
ENSG00000196549,MME
ENSG00000111602,TIMELESS
ENSG00000165323,FAT3
ENSG00000169679,BUB1
ENSG00000090006,LTBP4
ENSG00000122952,ZWINT
ENSG00000183807,FAM162B
ENSG00000155886,SLC24A2
ENSG00000148123,PLPPR1
ENSG00000226891,LINC01359
ENSG00000153291,SLC25A27
ENSG00000128165,ADM2
ENSG00000105173,CCNE1
ENSG00000138623,SEMA7A
ENSG00000100292,HMOX1
ENSG00000138964,PARVG
ENSG00000024526,DEPDC1
ENSG00000179222,MAGED1
ENSG00000101412,E2F1
ENSG00000118193,KIF14
ENSG00000106823,ECM2
ENSG00000186818,LILRB4
ENSG00000019169,MARCO
ENSG00000104738,MCM4
ENSG00000204540,PSORS1C1
ENSG00000109971,HSPA8
ENSG00000231806,PCAT7
ENSG00000175567,UCP2
ENSG00000276386,CNTNAP3P2
ENSG00000051180,RAD51
ENSG00000151303,AGAP11
ENSG00000172201,ID4
ENSG00000105011,ASF1B
ENSG00000287354,LOC124904503
ENSG00000146670,CDCA5
ENSG00000112149,CD83
ENSG00000123975,CKS2
ENSG00000117009,KMO
ENSG00000112183,RBM24
ENSG00000048342,CC2D2A
ENSG00000169607,CKAP2L
ENSG00000177494,ZBED2
ENSG00000102144,PGK1
ENSG00000092096,SLC22A17
ENSG00000130066,SAT1
ENSG00000183856,IQGAP3
ENSG00000121152,NCAPH
ENSG00000049768,FOXP3
ENSG00000196787,H2AC11
ENSG00000271133,ITGB8-AS1
ENSG00000228971,LINC02607
ENSG00000198796,ALPK2
ENSG00000253755,IGHGP
ENSG00000088543,C3orf18
ENSG00000178999,AURKB
ENSG00000168542,COL3A1
ENSG00000148513,ANKRD30A
ENSG00000158714,SLAMF8
ENSG00000126562,WNK4
ENSG00000100453,GZMB
ENSG00000203685,STUM
ENSG00000187123,LYPD6
ENSG00000172752,COL6A5
ENSG00000159958,TNFRSF13C
ENSG00000143228,NUF2
ENSG00000135476,ESPL1
ENSG00000131747,TOP2A
ENSG00000164109,MAD2L1
ENSG00000156802,ATAD2
ENSG00000182575,NXPH3
ENSG00000163808,KIF15
ENSG00000134765,DSC1
ENSG00000129596,CDO1
ENSG00000180071,ANKRD18A
ENSG00000171241,SHCBP1
ENSG00000115163,CENPA
ENSG00000137309,HMGA1
ENSG00000166851,PLK1
ENSG00000182010,RTKN2
ENSG00000072274,TFRC
ENSG00000105255,FSD1
ENSG00000120694,HSPH1
ENSG00000065328,MCM10
ENSG00000211893,IGHG2
ENSG00000160856,FCRL3
ENSG00000229108,LINC02587
ENSG00000113396,SLC27A6
ENSG00000179915,NRXN1
ENSG00000011422,PLAUR
ENSG00000157782,CABP1
ENSG00000136295,TTYH3
ENSG00000139946,PELI2
ENSG00000158406,H4C8
ENSG00000130203,APOE
ENSG00000101049,SGK2
ENSG00000104524,PYCR3
ENSG00000135338,LCA5
ENSG00000232679,LINC02257
ENSG00000225783,MIAT
ENSG00000147257,GPC3
ENSG00000013810,TACC3
ENSG00000169245,CXCL10
ENSG00000163749,CCDC158
ENSG00000177807,KCNJ10
ENSG00000078549,ADCYAP1R1
ENSG00000137135,ARHGEF39
ENSG00000270876,ZNF30-AS1
ENSG00000166924,NYAP1
ENSG00000106366,SERPINE1
ENSG00000107485,GATA3
ENSG00000186910,SERPINA11
ENSG00000134057,CCNB1
ENSG00000103253,HAGHL
ENSG00000179218,CALR
ENSG00000111665,CDCA3
ENSG00000101349,PAK5
ENSG00000090530,P3H2
ENSG00000214140,PRCD
ENSG00000189159,JPT1
ENSG00000153822,KCNJ16
ENSG00000135074,ADAM19
ENSG00000164007,CLDN19
ENSG00000131203,IDO1
ENSG00000112175,BMP5
ENSG00000121966,CXCR4
ENSG00000133466,C1QTNF6
ENSG00000286647,LOC124900989
ENSG00000198805,PNP
ENSG00000203499,IQANK1
ENSG00000124507,PACSIN1
ENSG00000071539,TRIP13
ENSG00000090382,LYZ
ENSG00000165028,NIPSNAP3B
ENSG00000157404,KIT
ENSG00000142583,SLC2A5
ENSG00000251381,LINC00958
ENSG00000169248,CXCL11
ENSG00000149380,P4HA3
ENSG00000168497,CAVIN2
ENSG00000073282,TP63
ENSG00000182481,KPNA2
ENSG00000236751,LINC01186
ENSG00000009790,TRAF3IP3
ENSG00000182379,NXPH4
ENSG00000165891,E2F7
ENSG00000004776,HSPB6
ENSG00000139618,BRCA2
ENSG00000166803,PCLAF
ENSG00000140022,STON2
ENSG00000165804,ZNF219
ENSG00000153395,LPCAT1
ENSG00000133800,LYVE1
ENSG00000291116,PLAC9P1
ENSG00000205744,DENND1C
ENSG00000102575,ACP5
ENSG00000108829,LRRC59
ENSG00000155660,PDIA4
ENSG00000291115,ZNF300P1
ENSG00000198483,ANKRD35
ENSG00000196440,ARMCX4
ENSG00000157193,LRP8
ENSG00000166986,MARS1
ENSG00000106105,GARS1
ENSG00000131094,C1QL1
ENSG00000105227,PRX
ENSG00000121933,TMIGD3
ENSG00000168702,LRP1B
ENSG00000163534,FCRL1
ENSG00000106006,HOXA6
ENSG00000112164,GLP1R
ENSG00000133067,LGR6
ENSG00000152779,SLC16A12
ENSG00000230937,MIR205HG
ENSG00000123838,C4BPA
ENSG00000211653,IGLV1-40
ENSG00000091513,TF
ENSG00000198826,ARHGAP11A
ENSG00000184564,SLITRK6
ENSG00000173894,CBX2
ENSG00000004468,CD38
ENSG00000258818,RNASE4
ENSG00000029153,BMAL2
ENSG00000181856,SLC2A4
ENSG00000226409,LOC102723341
ENSG00000102100,SLC35A2
ENSG00000215251,FASTKD5
ENSG00000178199,ZC3H12D
ENSG00000135838,NPL
ENSG00000233006,MIR3936HG
ENSG00000246084,LINC02325
ENSG00000211897,IGHG3
ENSG00000154258,ABCA9
ENSG00000226833,PPP1CB-DT
ENSG00000115423,DNAH6
ENSG00000171346,KRT15
ENSG00000157542,KCNJ6
ENSG00000183378,OVCH2
ENSG00000129244,ATP1B2
ENSG00000133816,MICAL2
ENSG00000154263,ABCA10
ENSG00000187116,LILRA5
ENSG00000167434,CA4
ENSG00000187134,AKR1C1
ENSG00000144857,BOC
ENSG00000187741,FANCA
ENSG00000186265,BTLA
ENSG00000007516,BAIAP3
ENSG00000068489,PRR11
ENSG00000101670,LIPG
ENSG00000077152,UBE2T
ENSG00000180777,ANKRD30B
ENSG00000139874,SSTR1
ENSG00000165810,BTNL9
ENSG00000188610,RUMY2
ENSG00000082175,PGR
ENSG00000169495,HTRA4
ENSG00000125454,SLC25A19
ENSG00000274576,IGHV2-70
ENSG00000163531,NFASC
ENSG00000007314,SCN4A
ENSG00000211966,IGHV5-51
ENSG00000108106,UBE2S
ENSG00000083454,P2RX5
ENSG00000167641,PPP1R14A
ENSG00000135127,BICDL1
ENSG00000258441,LINC00641
ENSG00000130653,PNPLA7
ENSG00000136854,STXBP1
ENSG00000182916,TCEAL7
ENSG00000146005,PSD2
ENSG00000118946,PCDH17
ENSG00000172987,HPSE2
ENSG00000139631,CSAD
ENSG00000292333,P2RY8
ENSG00000244402,RN7SL314P
ENSG00000235687,LINC00993
ENSG00000139910,NOVA1
ENSG00000163599,CTLA4
ENSG00000196668,LINC00173
ENSG00000181778,TMEM252
ENSG00000155918,RAET1L
ENSG00000164330,EBF1
ENSG00000176092,CRYBG2
ENSG00000167701,GPT
ENSG00000164032,H2AZ1
ENSG00000038945,MSR1
ENSG00000123610,TNFAIP6
ENSG00000097046,CDC7
ENSG00000137571,SLCO5A1
ENSG00000019485,PRDM11
ENSG00000224958,PGM5-AS1
ENSG00000158258,CLSTN2
ENSG00000164045,CDC25A
ENSG00000130176,CNN1
ENSG00000111640,GAPDH
ENSG00000171819,ANGPTL7
ENSG00000293490,SLC66A1LP
ENSG00000211945,IGHV1-18
ENSG00000173114,LRRN3
ENSG00000149050,ZNF214
ENSG00000101003,GINS1
ENSG00000132326,PER2
ENSG00000156886,ITGAD
ENSG00000247809,NR2F2-AS1
ENSG00000165863,SPMIP5
ENSG00000253490,LINC02099
ENSG00000165801,ARHGEF40
ENSG00000272068,BCAN-AS1
ENSG00000165244,ZNF367
ENSG00000239887,C1orf226
ENSG00000125657,TNFSF9
ENSG00000230107,LOC101927344
ENSG00000138640,FAM13A
ENSG00000073910,FRY
ENSG00000010319,SEMA3G
ENSG00000115884,SDC1
ENSG00000092345,DAZL
ENSG00000168389,MFSD2A
ENSG00000164039,BDH2
ENSG00000173085,COQ2
ENSG00000147614,ATP6V0D2
ENSG00000256650,RERG-IT1
ENSG00000227507,LTB
ENSG00000187730,GABRD
ENSG00000227467,LINC01537
ENSG00000089169,RPH3A
ENSG00000105974,CAV1
ENSG00000075702,WDR62
ENSG00000152256,PDK1
ENSG00000100721,TCL1A
ENSG00000151376,ME3
ENSG00000152766,ANKRD22
ENSG00000076382,SPAG5
ENSG00000166106,ADAMTS15
ENSG00000203778,FAM229B
ENSG00000244437,IGKV3-15
ENSG00000059573,ALDH18A1
ENSG00000170369,CST2
ENSG00000137693,YAP1
ENSG00000157150,TIMP4
ENSG00000124635,H2BC11
ENSG00000182183,SHISAL2A
ENSG00000197291,RAMP2-AS1
ENSG00000074211,PPP2R2C
ENSG00000154027,AK5
ENSG00000149090,PAMR1
ENSG00000078081,LAMP3
ENSG00000169418,NPR1
ENSG00000025708,TYMP
ENSG00000167483,NIBAN3
ENSG00000254986,DPP3
ENSG00000116017,ARID3A
ENSG00000070915,SLC12A3
ENSG00000172824,CES4A
ENSG00000153310,CYRIB
ENSG00000160949,TONSL
ENSG00000235947,EGOT
ENSG00000113578,FGF1
ENSG00000123119,NECAB1
ENSG00000185002,RFX6
ENSG00000253522,MIR3142HG
ENSG00000119686,FLVCR2
ENSG00000259146,SIPA1L1-AS1
ENSG00000204936,CD177
ENSG00000122254,HS3ST2
ENSG00000153002,CPB1
ENSG00000164885,CDK5
ENSG00000269113,TRABD2B
ENSG00000170909,OSCAR
ENSG00000136490,LIMD2
ENSG00000117322,CR2
ENSG00000232079,LINC01697
ENSG00000172243,CLEC7A
ENSG00000167977,KCTD5
ENSG00000163431,LMOD1
ENSG00000008311,AASS
ENSG00000107742,SPOCK2
ENSG00000181847,TIGIT
ENSG00000178295,GEN1
ENSG00000106714,CNTNAP3
ENSG00000164692,COL1A2
ENSG00000165730,STOX1
ENSG00000287826,LOC124902005
ENSG00000140678,ITGAX
ENSG00000144115,THNSL2
ENSG00000086991,NOX4
ENSG00000170619,COMMD5
ENSG00000151882,CCL28
ENSG00000238078,LINC01352
ENSG00000090104,RGS1
ENSG00000129810,SGO1
ENSG00000239961,LILRA4
ENSG00000269151,PPP5C-AS1
ENSG00000158402,CDC25C
ENSG00000164591,MYOZ3
ENSG00000169297,NR0B1
ENSG00000282728,PGR-AS1
ENSG00000158859,ADAMTS4
ENSG00000268751,SCGB1B2P
ENSG00000271856,LINC01215
ENSG00000188505,NCCRP1
ENSG00000147027,TMEM47
ENSG00000177602,HASPIN
ENSG00000139626,ITGB7
ENSG00000188404,SELL
ENSG00000248994,LOC124901165
ENSG00000254349,MIR2052HG
ENSG00000266088,LOC105371773
ENSG00000101265,RASSF2
ENSG00000101084,RAB5IF
ENSG00000203747,FCGR3A
ENSG00000120049,KCNIP2
ENSG00000138071,ACTR2
ENSG00000133116,KL
ENSG00000159259,CHAF1B
ENSG00000227036,LINC00511
ENSG00000184445,KNTC1
ENSG00000182310,SPACA6
ENSG00000181513,ACBD4
ENSG00000167779,IGFBP6
ENSG00000135218,CD36
ENSG00000010030,ETV7
ENSG00000188001,TPRG1
ENSG00000211978,IGHV5-78
ENSG00000211669,IGLV3-10
ENSG00000115556,PLCD4
ENSG00000114019,AMOTL2
ENSG00000161405,IKZF3
ENSG00000079308,TNS1
ENSG00000106686,SPATA6L
ENSG00000158445,KCNB1
ENSG00000167618,LAIR2
ENSG00000162444,RBP7
ENSG00000187474,FPR3
ENSG00000158301,GPRASP2
ENSG00000272143,FGF14-AS2
ENSG00000143799,PARP1
ENSG00000154162,CDH12
ENSG00000198759,EGFL6
ENSG00000224397,PELATON
ENSG00000165186,PTCHD1
ENSG00000110455,ACCS
ENSG00000197766,CFD
ENSG00000126353,CCR7
ENSG00000169583,CLIC3
ENSG00000170209,ANKK1
ENSG00000129521,EGLN3
ENSG00000266256,LINC00908
ENSG00000105612,DNASE2
ENSG00000149451,ADAM33
ENSG00000140749,IGSF6
ENSG00000224940,PRRT4
ENSG00000205846,CLEC6A
ENSG00000160190,SLC37A1
ENSG00000198018,ENTPD7
ENSG00000171303,KCNK3
ENSG00000184481,FOXO4
ENSG00000108179,PPIF
ENSG00000211662,IGLV3-21
ENSG00000290782,CFL1P1
ENSG00000164129,NPY5R
ENSG00000125257,ABCC4
ENSG00000184730,APOBR
ENSG00000259772,LINC03034
ENSG00000142233,NTN5
ENSG00000214548,MEG3
ENSG00000140650,PMM2
ENSG00000136167,LCP1
ENSG00000292995,TPRXL
ENSG00000169436,COL22A1
ENSG00000112812,PRSS16
ENSG00000105971,CAV2
ENSG00000286289,LOC107984270
ENSG00000179094,PER1
ENSG00000177990,DPY19L2
ENSG00000006283,CACNA1G
ENSG00000085999,RAD54L
ENSG00000129195,PIMREG
ENSG00000143119,CD53
ENSG00000173805,HAP1
ENSG00000143643,TTC13
ENSG00000153902,LGI4
ENSG00000123096,SSPN
ENSG00000157613,CREB3L1
ENSG00000185290,NUPR2
ENSG00000185149,NPY2R
ENSG00000172578,KLHL6
ENSG00000018236,CNTN1
ENSG00000134020,PEBP4
ENSG00000114698,PLSCR4
ENSG00000181264,TLCD5
ENSG00000092607,TBX15
ENSG00000146678,IGFBP1
ENSG00000204021,LIPK
ENSG00000159263,SIM2
ENSG00000163362,INAVA
ENSG00000070193,FGF10
ENSG00000121594,CD80
ENSG00000242265,PEG10
ENSG00000137727,ARHGAP20
ENSG00000127990,SGCE
ENSG00000224559,LINC01087
ENSG00000163376,KBTBD8
ENSG00000136842,TMOD1
ENSG00000180354,MTURN
ENSG00000074842,MYDGF
ENSG00000124074,ENKD1
ENSG00000176533,GNG7
ENSG00000108381,ASPA
ENSG00000154856,APCDD1
ENSG00000070778,PTPN21
ENSG00000033100,CHPF2
ENSG00000105369,CD79A
ENSG00000197405,C5AR1
ENSG00000169258,GPRIN1
ENSG00000106689,LHX2
ENSG00000103888,CEMIP
ENSG00000285906,LOC102723663
ENSG00000163121,NEURL3
ENSG00000076555,ACACB
ENSG00000077279,DCX
ENSG00000074370,ATP2A3
ENSG00000134138,MEIS2
ENSG00000213186,TRIM59
ENSG00000183734,ASCL2
ENSG00000278771,RN7SL3
ENSG00000050730,TNIP3
ENSG00000114346,ECT2
ENSG00000291129,PPIEL
ENSG00000147256,ARHGAP36
ENSG00000130307,USHBP1
ENSG00000145936,KCNMB1
ENSG00000102970,CCL17
ENSG00000117593,DARS2
ENSG00000171124,FUT3
ENSG00000211638,IGLV8-61
ENSG00000204577,LILRB3
ENSG00000136628,EPRS1
ENSG00000117122,MFAP2
ENSG00000283063,TRBV6-3
ENSG00000159648,SPMIP8
ENSG00000065911,MTHFD2
ENSG00000267594,CYP4F24P
ENSG00000125726,CD70
ENSG00000133110,POSTN
ENSG00000226516,FAM138B
ENSG00000263155,MYZAP
ENSG00000128510,CPA4
ENSG00000169744,LDB2
ENSG00000182253,SYNM
ENSG00000103044,HAS3
ENSG00000234883,MIR155HG
ENSG00000151276,MAGI1
ENSG00000125910,S1PR4
ENSG00000167244,IGF2
ENSG00000153993,SEMA3D
ENSG00000117410,ATP6V0B
ENSG00000277224,H2BC7
ENSG00000131730,CKMT2
ENSG00000065534,MYLK
ENSG00000162745,OLFML2B
ENSG00000166292,TMEM100
ENSG00000151892,GFRA1
ENSG00000112742,TTK
ENSG00000130595,TNNT3
ENSG00000152076,CCDC74B
ENSG00000094963,FMO2
ENSG00000204140,CLPSL1
ENSG00000223923,TNS1-AS1
ENSG00000130675,MNX1
ENSG00000185803,SLC52A2
ENSG00000065600,PACC1
ENSG00000120262,CCDC170
ENSG00000160999,SH2B2
ENSG00000188389,PDCD1
ENSG00000129450,SIGLEC9
ENSG00000137962,ARHGAP29
ENSG00000154096,THY1
ENSG00000018280,SLC11A1
ENSG00000237125,HAND2-AS1
ENSG00000162511,LAPTM5
ENSG00000229312,LOC124902178
ENSG00000072571,HMMR
ENSG00000166961,MS4A15
ENSG00000156787,TBC1D31
ENSG00000178222,RNF212
ENSG00000280411,IGHV1-69D
ENSG00000254951,LOC283299
ENSG00000121621,KIF18A
ENSG00000260001,TGFBR3L
ENSG00000160791,CCR5
ENSG00000135447,PPP1R1A
ENSG00000137807,KIF23
ENSG00000179750,APOBEC3B
ENSG00000154358,OBSCN
ENSG00000151364,KCTD14
ENSG00000263513,RUMY3
ENSG00000163354,DCST2
ENSG00000140557,ST8SIA2
ENSG00000101463,SYNDIG1
ENSG00000157020,SEC13
ENSG00000184867,ARMCX2
ENSG00000128944,KNSTRN
ENSG00000170266,GLB1
ENSG00000257986,LINC02306
ENSG00000166342,NETO1
ENSG00000159753,CARMIL2
ENSG00000139572,GPR84
ENSG00000013725,CD6
ENSG00000163239,TDRD10
ENSG00000100196,KDELR3
ENSG00000186185,KIF18B
ENSG00000138829,FBN2
ENSG00000185267,CDNF
ENSG00000167100,SAMD14
ENSG00000052850,ALX4
ENSG00000179523,EIF3J-DT
ENSG00000054967,RELT
ENSG00000251359,WWC2-AS2
ENSG00000211959,IGHV4-39
ENSG00000132182,NUP210
ENSG00000174469,CNTNAP2
ENSG00000165795,NDRG2
ENSG00000153898,MCOLN2
ENSG00000136026,CKAP4
ENSG00000102384,CENPI
ENSG00000181135,ZNF707
ENSG00000106683,LIMK1
ENSG00000139211,AMIGO2
ENSG00000253364,COPDA1
ENSG00000250056,LINC01018
ENSG00000245812,LINC02202
ENSG00000150337,FCGR1A
ENSG00000163131,CTSS
ENSG00000183010,PYCR1
ENSG00000002726,AOC1
ENSG00000169508,GPR183
ENSG00000197182,MIRLET7BHG
ENSG00000165807,PPP1R36
ENSG00000188060,RAB42
ENSG00000136634,IL10
ENSG00000128595,CALU
ENSG00000183242,WT1-AS
ENSG00000117394,SLC2A1
ENSG00000188263,IL17REL
ENSG00000164087,POC1A
ENSG00000009765,IYD
ENSG00000171793,CTPS1
ENSG00000224616,RTCA-AS1
ENSG00000279082,LINC01727
ENSG00000110448,CD5
ENSG00000187800,PEAR1
ENSG00000258708,SLC25A21-AS1
ENSG00000285051,SLC7A14-AS1
ENSG00000226979,LTA
ENSG00000124657,OR2B6
ENSG00000100154,TTC28
ENSG00000163040,CCDC74A
ENSG00000176619,LMNB2
ENSG00000140525,FANCI
ENSG00000087494,PTHLH
ENSG00000234965,SHISA8
ENSG00000204065,TCEAL5
ENSG00000162062,TEDC2
ENSG00000100385,IL2RB
ENSG00000224032,EPB41L4A-AS1
ENSG00000152969,JAKMIP1
ENSG00000104549,SQLE
ENSG00000139044,B4GALNT3
ENSG00000198932,GPRASP1
ENSG00000034053,APBA2
ENSG00000111247,RAD51AP1
ENSG00000137103,TMEM8B
ENSG00000232613,LINC02576
ENSG00000079337,RAPGEF3
ENSG00000115598,IL1RL2
ENSG00000241404,EGFL8
ENSG00000132704,FCRL2
ENSG00000067798,NAV3
ENSG00000211937,IGHV2-5
ENSG00000235304,LINC01281
ENSG00000122861,PLAU
ENSG00000198400,NTRK1
ENSG00000131471,AOC3
ENSG00000253348,LOC107986474
ENSG00000159147,DONSON
ENSG00000177889,UBE2N
ENSG00000169442,CD52
ENSG00000116771,AGMAT
ENSG00000002822,MAD1L1
ENSG00000162739,SLAMF6
ENSG00000128918,ALDH1A2
ENSG00000104894,CD37
ENSG00000130487,KLHDC7B
ENSG00000196878,LAMB3
ENSG00000160877,NACC1
ENSG00000122176,FMOD
ENSG00000042753,AP2S1
ENSG00000006118,TMEM132A
ENSG00000157064,NMNAT2
ENSG00000172215,CXCR6
ENSG00000093072,ADA2
ENSG00000154721,JAM2
ENSG00000160255,ITGB2
ENSG00000256039,LINC02446
ENSG00000154099,DNAAF1
ENSG00000163029,SMC6
ENSG00000204434,POTEKP
ENSG00000211666,IGLV2-14
ENSG00000160326,SLC2A6
ENSG00000198075,SULT1C4
ENSG00000254560,BBOX1-AS1
ENSG00000128218,VPREB3
ENSG00000164318,EGFLAM
ENSG00000188282,RUFY4
ENSG00000197977,ELOVL2
ENSG00000105967,TFEC
ENSG00000181938,GINS3
ENSG00000180044,C3orf80
ENSG00000188822,CNR2
ENSG00000177455,CD19
ENSG00000244734,HBB
ENSG00000128604,IRF5
ENSG00000196476,C20orf96
ENSG00000135077,HAVCR2
ENSG00000145451,GLRA3
ENSG00000022267,FHL1
ENSG00000130775,THEMIS2
ENSG00000121957,GPSM2
ENSG00000178038,ALS2CL
ENSG00000150782,IL18
ENSG00000168081,PNOC
ENSG00000176049,JAKMIP2
ENSG00000069702,TGFBR3
ENSG00000053747,LAMA3
ENSG00000142731,PLK4
ENSG00000115165,CYTIP
ENSG00000121440,PDZRN3
ENSG00000277531,PNMA8C
ENSG00000136531,SCN2A
ENSG00000100629,CEP128
ENSG00000234184,LINC01781
ENSG00000120334,CENPL
ENSG00000211648,IGLV1-47
ENSG00000176485,PLAAT3
ENSG00000124256,ZBP1
ENSG00000138769,CDKL2
ENSG00000114013,CD86
ENSG00000271216,LINC01050
ENSG00000270550,IGHV3-30
ENSG00000115828,QPCT
ENSG00000171889,MIR31HG
ENSG00000137142,IGFBPL1
ENSG00000122966,CIT
ENSG00000086570,FAT2
ENSG00000089012,SIRPG
ENSG00000267361,SEC24AP1
ENSG00000082293,COL19A1
ENSG00000118705,RPN2
ENSG00000099985,OSM
ENSG00000111879,FAM184A
ENSG00000182185,RAD51B
ENSG00000231249,ITPR1-DT
ENSG00000138735,PDE5A
ENSG00000139116,KIF21A
ENSG00000294649,LOC107987146
ENSG00000183682,BMP8A
ENSG00000241657,TRBV11-2
ENSG00000272523,LINC01023
ENSG00000169174,PCSK9
ENSG00000168496,FEN1
ENSG00000166451,CENPN
ENSG00000291112,ZNF204P
ENSG00000105737,GRIK5
ENSG00000183092,BEGAIN
ENSG00000125966,MMP24
ENSG00000112473,SLC39A7
ENSG00000156076,WIF1
ENSG00000095637,SORBS1
ENSG00000189129,PLAC9
ENSG00000170917,NUDT6
ENSG00000111669,TPI1
ENSG00000009950,MLXIPL
ENSG00000109255,NMU
ENSG00000233251,LOC100129434
ENSG00000105792,CFAP69
ENSG00000198929,NOS1AP
ENSG00000174749,FAM241A
ENSG00000131650,KREMEN2
ENSG00000153446,C16orf89
ENSG00000186409,CCDC30
ENSG00000248727,LINC01948
ENSG00000185862,EVI2B
ENSG00000124440,HIF3A
ENSG00000123219,CENPK
ENSG00000267221,C17orf113
ENSG00000184575,XPOT
ENSG00000150961,SEC24D
ENSG00000249346,LINC01016
ENSG00000184785,SMIM10
ENSG00000168679,SLC16A4
ENSG00000211670,IGLV3-9
ENSG00000183155,RABIF
ENSG00000305531,LOC102723791
ENSG00000105366,SIGLEC8
ENSG00000166278,C2
ENSG00000113810,SMC4
ENSG00000198604,BAZ1A
ENSG00000269954,BLK-AS1
ENSG00000233766,CAVIN2-AS1
ENSG00000273802,H2BC8
ENSG00000102362,SYTL4
ENSG00000293352,RPLP0P2
ENSG00000250584,LINC01511
ENSG00000165449,SLC16A9
ENSG00000055163,CYFIP2
ENSG00000092067,CEBPE
ENSG00000291230,NAPSB
ENSG00000136011,STAB2
ENSG00000187808,SOWAHD
ENSG00000204311,PJVK
ENSG00000131080,EDA2R
ENSG00000174697,LEP
ENSG00000204851,PNMA8B
ENSG00000243701,DUBR
ENSG00000242371,IGKV1-39
ENSG00000064601,CTSA
ENSG00000163191,S100A11
ENSG00000272734,ADIRF-AS1
ENSG00000065485,PDIA5
ENSG00000095627,TDRD1
ENSG00000180596,H2BC4
ENSG00000165698,SPACA9
ENSG00000177398,UMODL1
ENSG00000121281,ADCY7
ENSG00000134202,GSTM3
ENSG00000180347,ITPRID1
ENSG00000072163,LIMS2
ENSG00000211673,IGLV3-1
ENSG00000151914,DST
ENSG00000152056,AP1S3
ENSG00000270607,LEISA1
ENSG00000211789,TRAV12-2
ENSG00000261054,SYNM-AS2
ENSG00000156966,B3GNT7
ENSG00000186193,SAPCD2
ENSG00000196684,HSH2D
ENSG00000135424,ITGA7
ENSG00000152580,IGSF10
ENSG00000008300,CELSR3
ENSG00000116793,PHTF1
ENSG00000104371,DKK4
ENSG00000233999,IGKV3OR2-268
ENSG00000188488,SERPINA5
ENSG00000211780,TRAV6
ENSG00000248869,LINC02511
ENSG00000203446,SUGCT-AS1
ENSG00000101825,MXRA5
ENSG00000308499,CCEPR
ENSG00000183722,LHFPL6
ENSG00000160161,CILP2
ENSG00000149554,CHEK1
ENSG00000124772,CPNE5
ENSG00000144908,ALDH1L1
ENSG00000291132,MTMR9LP
ENSG00000163564,PYHIN1
ENSG00000180198,RCC1
ENSG00000273409,LINC02712
ENSG00000184216,IRAK1
ENSG00000133134,BEX2
ENSG00000143851,PTPN7
ENSG00000150627,WDR17
ENSG00000211794,TRAV12-3
ENSG00000106571,GLI3
ENSG00000029559,IBSP
ENSG00000107731,UNC5B
ENSG00000157734,SNX22
ENSG00000173267,SNCG
ENSG00000119771,KLHL29
ENSG00000105063,PPP6R1
ENSG00000136160,EDNRB
ENSG00000148737,TCF7L2
ENSG00000261616,TTC23-AS1
ENSG00000163993,S100P
ENSG00000167513,CDT1
ENSG00000169918,OTUD7A
ENSG00000182168,UNC5C
ENSG00000089723,OTUB2
ENSG00000091490,SEL1L3
ENSG00000135047,CTSL
ENSG00000237638,LINC02245
ENSG00000120471,TP53AIP1
ENSG00000188910,GJB3
ENSG00000273079,GRIN2B
ENSG00000158966,CACHD1
ENSG00000180481,GLIPR1L2
ENSG00000164430,CGAS
ENSG00000203280,KIAA1671-AS1
ENSG00000211716,TRBV9
ENSG00000111961,SASH1
ENSG00000160868,CYP3A4
ENSG00000196584,XRCC2
ENSG00000112242,E2F3
ENSG00000146386,ABRACL
ENSG00000289963,LOC107985563
ENSG00000131015,ULBP2
ENSG00000136274,NACAD
ENSG00000187840,EIF4EBP1
ENSG00000115091,ACTR3
ENSG00000167984,NLRC3
ENSG00000156804,FBXO32
ENSG00000205078,SYCE1L
ENSG00000277075,H2AC8
ENSG00000170819,BFSP2
ENSG00000081479,LRP2
ENSG00000123989,CHPF
ENSG00000167394,ZNF668
ENSG00000126709,IFI6
ENSG00000079263,SP140
ENSG00000113407,TARS1
ENSG00000115415,STAT1
ENSG00000057252,SOAT1
ENSG00000280693,SH3PXD2A-AS1
ENSG00000176402,GJC3
ENSG00000147168,IL2RG
ENSG00000146232,NFKBIE
ENSG00000111711,GOLT1B
ENSG00000163507,CIP2A
ENSG00000164742,ADCY1
ENSG00000285219,HULC
ENSG00000184113,CLDN5
ENSG00000172183,ISG20
ENSG00000155307,SAMSN1
ENSG00000230314,ELOVL2-AS1
ENSG00000188385,JAKMIP3
ENSG00000116678,LEPR
ENSG00000198691,ABCA4
ENSG00000103647,CORO2B
ENSG00000186603,HPDL
ENSG00000167105,TMEM92
ENSG00000135439,AGAP2
ENSG00000119927,GPAM
ENSG00000211647,IGLV5-48
ENSG00000142515,KLK3
ENSG00000170627,GTSF1
ENSG00000211734,TRBV5-1
ENSG00000281769,LINC-ADAIN
ENSG00000114268,PFKFB4
ENSG00000064012,CASP8
ENSG00000235314,LINC00957
ENSG00000184831,APOO
ENSG00000164778,EN2
ENSG00000104814,MAP4K1
ENSG00000157168,NRG1
ENSG00000132554,RGS22
ENSG00000151014,NOCT
ENSG00000100065,CARD10
ENSG00000187391,MAGI2
ENSG00000116824,CD2
ENSG00000259887,FIGNL2-DT
ENSG00000197451,HNRNPAB
ENSG00000176749,CDK5R1
ENSG00000114805,PLCH1
ENSG00000250538,NPY2R-AS1
ENSG00000231826,LINC01819
ENSG00000119943,PYROXD2
ENSG00000290596,FAR2P2
ENSG00000134343,ANO3
ENSG00000160957,RECQL4
ENSG00000160213,CSTB
ENSG00000217275,RPS10P1
ENSG00000012822,CALCOCO1
ENSG00000241769,EOLA1-DT
ENSG00000136002,ARHGEF4
ENSG00000126895,AVPR2
ENSG00000160991,ORAI2
ENSG00000124731,TREM1
ENSG00000030110,BAK1
ENSG00000118898,PPL
ENSG00000231123,SPATA20P1
ENSG00000126246,IGFLR1
ENSG00000229246,LINC00377
ENSG00000116990,MYCL
ENSG00000225778,PROSER2-AS1
ENSG00000103653,CSK
ENSG00000043039,BARX2
ENSG00000241288,LINC02614
ENSG00000196081,ZNF724
ENSG00000211593,IGKJ5
ENSG00000120907,ADRA1A
ENSG00000253177,LOC101926956
ENSG00000232629,HLA-DQB2
ENSG00000183569,SERHL2
ENSG00000143493,INTS7
ENSG00000240771,ARHGEF25
ENSG00000187720,THSD4
ENSG00000198870,STKLD1
ENSG00000173175,ADCY5
ENSG00000204866,IGFL2
ENSG00000171621,SPSB1
ENSG00000076641,PAG1
ENSG00000143452,HORMAD1
ENSG00000188820,CALHM6
ENSG00000258748,KIF26A-DT
ENSG00000115956,PLEK
ENSG00000226415,TPI1P1
ENSG00000285492,LOC112267968
ENSG00000287626,DTNBP1-AS1
ENSG00000137558,PI15
ENSG00000183876,ARSI
ENSG00000110031,LPXN
ENSG00000293405,CYP2T1P
ENSG00000170145,SIK2
ENSG00000182866,LCK
ENSG00000141506,PIK3R5
ENSG00000104972,LILRB1
ENSG00000101160,CTSZ
ENSG00000180592,SKIDA1
ENSG00000038427,VCAN
ENSG00000074410,CA12
ENSG00000123136,DDX39A
ENSG00000186517,ARHGAP30
ENSG00000173391,OLR1
ENSG00000101335,MYL9
ENSG00000188039,NWD1
ENSG00000122188,LAX1
ENSG00000234456,MAGI2-AS3
ENSG00000211810,TRAV29DV5
ENSG00000184916,JAG2
ENSG00000175445,LPL
ENSG00000103942,HOMER2
ENSG00000030582,GRN
ENSG00000133121,STARD13
ENSG00000155926,SLA
ENSG00000116852,KIF21B
ENSG00000158201,ABHD3
ENSG00000103187,COTL1
ENSG00000247626,MARS2
ENSG00000105251,SHD
ENSG00000144485,HES6
ENSG00000187609,EXD3
ENSG00000167286,CD3D
ENSG00000186523,FAM86B1
ENSG00000197153,H3C12
ENSG00000309896,LOC124904254
ENSG00000258636,LRFN5-DT
ENSG00000135114,OASL
ENSG00000157110,RBPMS
ENSG00000096996,IL12RB1
ENSG00000119938,PPP1R3C
ENSG00000177469,CAVIN1
ENSG00000145632,PLK2
ENSG00000079931,MOXD1
ENSG00000258910,LINC01956
ENSG00000131095,GFAP
ENSG00000163141,BNIPL
ENSG00000220008,LINGO3
ENSG00000168309,FAM107A
ENSG00000258479,LINC00640
ENSG00000224272,LOC124905349
ENSG00000099260,PALMD
ENSG00000124493,GRM4
ENSG00000065717,TLE2
ENSG00000142185,TRPM2
ENSG00000088992,TESC
ENSG00000110318,CEP126
ENSG00000205231,TTLL10-AS1
ENSG00000163568,AIM2
ENSG00000270505,IGHV1OR15-1
ENSG00000145979,TBC1D7
ENSG00000006634,DBF4
ENSG00000141295,SCRN2
ENSG00000140470,ADAMTS17
ENSG00000174950,CD164L2
ENSG00000078237,TIGAR
ENSG00000184903,IMMP2L
ENSG00000254862,LGR4-AS1
ENSG00000187912,CLEC17A
ENSG00000078589,P2RY10
ENSG00000151725,CENPU
ENSG00000111732,AICDA
ENSG00000163518,FCRL4
ENSG00000188779,SKOR1
ENSG00000189001,SBSN
ENSG00000182492,BGN
ENSG00000164509,IL31RA
ENSG00000211752,TRBV27
ENSG00000150995,ITPR1
ENSG00000111335,OAS2
ENSG00000184601,C14orf180
ENSG00000172575,RASGRP1
ENSG00000179826,MRGPRX3
ENSG00000250303,LINC02762
ENSG00000104522,GFUS
ENSG00000173083,HPSE
ENSG00000237989,LINC01679
ENSG00000136286,MYO1G
ENSG00000006468,ETV1
ENSG00000128655,PDE11A
ENSG00000121895,TMEM156
ENSG00000047648,ARHGAP6
ENSG00000136492,BRIP1
ENSG00000028277,POU2F2
ENSG00000058335,RASGRF1
ENSG00000185482,STAC3
ENSG00000168685,IL7R
ENSG00000185130,H2BC13
ENSG00000119547,ONECUT2
ENSG00000136944,LMX1B
ENSG00000130720,FIBCD1
ENSG00000189431,RASSF10
ENSG00000163249,CCNYL1
ENSG00000112195,TREML2
ENSG00000235098,ANKRD65
ENSG00000177363,LRRN4CL
ENSG00000286389,LOC105373289
ENSG00000144810,COL8A1
ENSG00000106809,OGN
ENSG00000134061,CD180
ENSG00000144152,FBLN7
ENSG00000132432,SEC61G
ENSG00000184221,OLIG1
ENSG00000136573,BLK
ENSG00000139193,CD27
ENSG00000185347,TEDC1
ENSG00000143196,DPT
ENSG00000173641,HSPB7
ENSG00000184384,MAML2
ENSG00000132646,PCNA
ENSG00000168334,XIRP1
ENSG00000133392,MYH11
ENSG00000246528,SLCO5A1-AS1
ENSG00000171596,NMUR1
ENSG00000228590,MIR4432HG
ENSG00000069424,KCNAB2
ENSG00000186810,CXCR3
ENSG00000182359,KBTBD3
ENSG00000188626,GOLGA8M
ENSG00000166473,PKD1L2
ENSG00000275713,H2BC9
ENSG00000184992,BRI3BP
ENSG00000240207,LOC100287290
ENSG00000231768,LINC01354
ENSG00000124813,RUNX2
ENSG00000027869,SH2D2A
ENSG00000211677,IGLC2
ENSG00000168394,TAP1
ENSG00000263528,IKBKE
ENSG00000150753,CCT5
ENSG00000106034,CPED1
ENSG00000188486,H2AX
ENSG00000168280,KIF5C
ENSG00000167208,SNX20
ENSG00000149428,HYOU1
ENSG00000112837,TBX18
ENSG00000119714,GPR68
ENSG00000154920,EME1
ENSG00000197461,PDGFA
ENSG00000239672,NME1
ENSG00000023892,DEF6
ENSG00000142910,TINAGL1
ENSG00000187288,CIDEC
ENSG00000140451,PIF1
ENSG00000186496,ZNF396
ENSG00000171954,CYP4F22
ENSG00000145545,SRD5A1
ENSG00000164066,INTU
ENSG00000177283,FZD8
ENSG00000135919,SERPINE2
ENSG00000164683,HEY1
ENSG00000166123,GPT2
ENSG00000087086,FTL
ENSG00000172893,DHCR7
ENSG00000172318,B3GALT1
ENSG00000129474,AJUBA
ENSG00000171617,ENC1
ENSG00000130173,ANGPTL8
ENSG00000103222,ABCC1
ENSG00000279170,TSTD3P
ENSG00000167992,VWCE
ENSG00000169900,PYDC1
ENSG00000133317,LGALS12
ENSG00000236345,SCAT8
ENSG00000283703,VSIG10L2
ENSG00000198286,CARD11
ENSG00000125354,SEPTIN6
ENSG00000149294,NCAM1
ENSG00000081237,PTPRC
ENSG00000275302,CCL4
ENSG00000170509,HSD17B13
ENSG00000133063,CHIT1
ENSG00000183671,CMKLR2
ENSG00000163207,IVL
ENSG00000216490,IFI30
ENSG00000009724,MASP2
ENSG00000136108,CKAP2
ENSG00000215386,MIR99AHG
ENSG00000147485,PXDNL
ENSG00000163519,TRAT1
ENSG00000089639,GMIP
ENSG00000143167,GPA33
ENSG00000183833,CFAP91
ENSG00000261150,EPPK1
ENSG00000139304,PTPRQ
ENSG00000165490,DDIAS
ENSG00000111077,TNS2
ENSG00000167588,GPD1
ENSG00000228956,SATB1-AS1
ENSG00000164741,DLC1
ENSG00000154102,CLMB
ENSG00000238121,LINC00426
ENSG00000103064,SLC7A6
ENSG00000181215,C4orf50
ENSG00000110876,SELPLG
ENSG00000163873,GRIK3
ENSG00000166960,CCDC178
ENSG00000150551,LYPD1
ENSG00000137101,CD72
ENSG00000117450,PRDX1
ENSG00000135298,ADGRB3
ENSG00000186868,MAPT
ENSG00000050344,NFE2L3
ENSG00000066294,CD84
ENSG00000159556,ISL2
ENSG00000259129,LINC00648
ENSG00000272668,LOC124904434
ENSG00000085741,WNT11
ENSG00000261390,MAFTRR
ENSG00000047365,ARAP2
ENSG00000162894,FCMR
ENSG00000125844,RRBP1
ENSG00000214160,ALG3
ENSG00000251546,IGKV1D-39
ENSG00000144381,HSPD1
ENSG00000287024,LOC105373334
ENSG00000132840,BHMT2
ENSG00000110660,SLC35F2
ENSG00000187764,SEMA4D
ENSG00000233387,IATPR
ENSG00000280734,LINC01232
ENSG00000149781,FERMT3
ENSG00000258334,TROAP-AS1
ENSG00000130226,DPP6
ENSG00000140968,IRF8
ENSG00000180155,LYNX1
ENSG00000122122,SASH3
ENSG00000254109,RBPMS-AS1
ENSG00000138207,RBP4
ENSG00000116701,NCF2
ENSG00000222014,RAB6C
ENSG00000211714,TRBV7-3
ENSG00000113532,ST8SIA4
ENSG00000155970,MICU3
ENSG00000099869,IGF2-AS
ENSG00000225472,NFIB-AS1
ENSG00000121207,LRAT
ENSG00000185905,C16orf54
ENSG00000159261,CLDN14
ENSG00000116741,RGS2
ENSG00000235568,NFAM1
ENSG00000261236,BOP1
ENSG00000236700,LINC01010
ENSG00000110934,BIN2
ENSG00000135437,RDH5
ENSG00000145649,GZMA
ENSG00000085514,PILRA
ENSG00000139926,FRMD6
ENSG00000230910,ADGRB3-DT
ENSG00000122756,CNTFR
ENSG00000158457,TSPAN33
ENSG00000227016,LINC02796
ENSG00000051825,MPHOSPH9
ENSG00000187240,DYNC2H1
ENSG00000165300,SLITRK5
ENSG00000214578,HMGN2P15
ENSG00000088826,SMOX
ENSG00000211782,TRAV8-1
ENSG00000145088,EAF2
ENSG00000120659,TNFSF11
ENSG00000178947,SMIM10L2A
ENSG00000154262,ABCA6
ENSG00000102879,CORO1A
ENSG00000215912,TTC34
ENSG00000100079,LGALS2
ENSG00000006327,TNFRSF12A
ENSG00000231170,PDK4-AS1
ENSG00000113248,PCDHB15
ENSG00000259065,MIDEAS-AS1
ENSG00000026751,SLAMF7
ENSG00000164935,DCSTAMP
ENSG00000084674,APOB
ENSG00000141524,TMC6
ENSG00000065413,ANKRD44
ENSG00000145287,PLAC8
ENSG00000179361,ARID3B
ENSG00000003987,MTMR7
ENSG00000172382,PRSS27
ENSG00000246922,UBAP1L
ENSG00000069535,MAOB
ENSG00000073111,MCM2
ENSG00000136574,GATA4
ENSG00000138795,LEF1
ENSG00000169129,AFAP1L2
ENSG00000239951,IGKV3-20
ENSG00000168477,TNXB
ENSG00000110427,KIAA1549L
ENSG00000255248,MIR100HG
ENSG00000023902,PLEKHO1
ENSG00000234009,RPL5P34
ENSG00000137547,MRPL15
ENSG00000164850,GPER1
ENSG00000257337,TNS2-AS1
ENSG00000155465,SLC7A7
ENSG00000171357,LURAP1
ENSG00000153064,BANK1
ENSG00000169047,IRS1
ENSG00000183484,GPR132
ENSG00000011600,TYROBP
ENSG00000227145,IL21-AS1
ENSG00000134333,LDHA
ENSG00000215018,COL28A1
ENSG00000174080,CTSF
ENSG00000211962,IGHV1-46
ENSG00000067064,IDI1
ENSG00000251301,LINC02384
ENSG00000145681,HAPLN1
ENSG00000211947,IGHV3-21
ENSG00000170837,GPR27
ENSG00000068137,PLEKHH3
ENSG00000146094,DOK3
ENSG00000099822,HCN2
ENSG00000138092,CENPO
ENSG00000249992,TMEM158
ENSG00000096063,SRPK1
ENSG00000179051,RCC2
ENSG00000178403,NEUROG2
ENSG00000258545,RHOXF1-AS1
ENSG00000182463,TSHZ2
ENSG00000175606,TMEM70
ENSG00000134830,C5AR2
ENSG00000011332,DPF1
ENSG00000117632,STMN1
ENSG00000077585,GPR137B
ENSG00000026297,RNASET2
ENSG00000182325,FBXL6
ENSG00000172936,MYD88
ENSG00000277734,TRAC
ENSG00000136928,GABBR2
ENSG00000145808,ADAMTS19
ENSG00000143171,RXRG
ENSG00000135069,PSAT1
ENSG00000024422,EHD2
ENSG00000180182,MED14
ENSG00000091073,DTX2
ENSG00000080166,DCT
ENSG00000253552,HOXA-AS2
ENSG00000131096,PYY
ENSG00000211817,TRAV38-2DV8
ENSG00000152495,CAMK4
ENSG00000164105,SAP30
ENSG00000188985,DHFRP1
ENSG00000134460,IL2RA
ENSG00000231160,KLF3-AS1
ENSG00000234076,TPRG1-AS1
ENSG00000158813,EDA
ENSG00000095713,CRTAC1
ENSG00000257354,MIRLET7IHG
ENSG00000167740,CYB5D2
ENSG00000120498,TEX11
ENSG00000140443,IGF1R
ENSG00000143942,CHAC2
ENSG00000180929,GPR62
ENSG00000211818,TRAV39
ENSG00000077782,FGFR1
ENSG00000198478,SH3BGRL2
ENSG00000116039,ATP6V1B1
ENSG00000126947,ARMCX1
ENSG00000101082,SLA2
ENSG00000160654,CD3G
ENSG00000142230,SAE1
ENSG00000183813,CCR4
ENSG00000261471,COTL1-AS1
ENSG00000120645,IQSEC3
ENSG00000175463,TBC1D10C
ENSG00000163082,SGPP2
ENSG00000198756,COLGALT2
ENSG00000108669,CYTH1
ENSG00000234350,ERICH2-DT
ENSG00000185155,MIXL1
ENSG00000214456,PLIN5
ENSG00000140534,TICRR
ENSG00000179292,TMEM151A
ENSG00000184635,ZNF93
ENSG00000198542,ITGBL1
ENSG00000168453,HR
ENSG00000099864,PALM
ENSG00000170323,FABP4
ENSG00000134684,YARS1
ENSG00000134242,PTPN22
ENSG00000077063,CTTNBP2
ENSG00000167613,LAIR1
ENSG00000144136,SLC20A1
ENSG00000183918,SH2D1A
ENSG00000290746,CA5BP1
ENSG00000274290,H2BC6
ENSG00000132821,VSTM2L
ENSG00000107796,ACTA2
ENSG00000110777,POU2AF1
ENSG00000234742,RPL17P18
ENSG00000197467,COL13A1
ENSG00000235387,SPAAR
ENSG00000083067,TRPM3
ENSG00000008513,ST3GAL1
ENSG00000122644,ARL4A
ENSG00000105619,TFPT
ENSG00000142669,SH3BGRL3
ENSG00000151490,PTPRO
ENSG00000198959,TGM2
ENSG00000164112,SMIM43
ENSG00000090520,DNAJB11
ENSG00000182636,NDN
ENSG00000173335,CST9
ENSG00000197506,SLC28A3
ENSG00000077616,NAALAD2
ENSG00000164691,TAGAP
ENSG00000228058,LINC01736
ENSG00000145934,TENM2
ENSG00000223486,LINC03053
ENSG00000101336,HCK
ENSG00000147536,GINS4
ENSG00000254122,PCDHGB7
ENSG00000127334,DYRK2
ENSG00000211751,TRBC1
ENSG00000115041,KCNIP3
ENSG00000249306,LINC01411
ENSG00000253955,LINC02995
ENSG00000135426,TESPA1
ENSG00000220205,VAMP2
ENSG00000163545,NUAK2
ENSG00000180921,SACK1H
ENSG00000127423,AUNIP
ENSG00000287342,LOC105375118
ENSG00000134375,TIMM17A
ENSG00000187608,ISG15
ENSG00000100304,TTLL12
ENSG00000075223,SEMA3C
ENSG00000167755,KLK6
ENSG00000256508,MRGPRF-AS1
ENSG00000244968,LIFR-AS1
ENSG00000004948,CALCR
ENSG00000293412,GUCY1B2
ENSG00000196743,GM2A
ENSG00000149968,MMP3
ENSG00000237233,TMEM26-AS1
ENSG00000272701,MESTIT1
ENSG00000165685,TMEM52B
ENSG00000171049,FPR2
ENSG00000136153,LMO7
ENSG00000160801,PTH1R
ENSG00000062716,VMP1
ENSG00000164047,CAMP
ENSG00000263004,AKAP1-DT
ENSG00000137392,CLPS
ENSG00000096093,EFHC1
ENSG00000283383,LOC124900824
ENSG00000115233,PSMD14
ENSG00000018625,ATP1A2
ENSG00000175745,NR2F1
ENSG00000172137,CALB2
ENSG00000113302,IL12B
ENSG00000146197,SCUBE3
ENSG00000165152,PGAP4
ENSG00000283839,LOC105373780
ENSG00000160688,FLAD1
ENSG00000144130,NT5DC4
ENSG00000126860,EVI2A
ENSG00000169403,PTAFR
ENSG00000103569,AQP9
ENSG00000111229,ARPC3
ENSG00000145247,OCIAD2
ENSG00000053524,MCF2L2
ENSG00000211746,TRBV19
ENSG00000162073,PAQR4
ENSG00000177666,PNPLA2
ENSG00000280623,LOC124900476
ENSG00000203650,LINC01285
ENSG00000142197,DOP1B
ENSG00000147689,SACK1A
ENSG00000123131,PRDX4
ENSG00000183873,SCN5A
ENSG00000123570,RAB9B
ENSG00000081320,STK17B
ENSG00000166501,PRKCB
ENSG00000173432,SAA1
ENSG00000229994,RPL5P4
ENSG00000105538,RASIP1
ENSG00000178828,RNF186
ENSG00000133131,MORC4
ENSG00000280587,LINC01348
ENSG00000148053,NTRK2
ENSG00000145779,TNFAIP8
ENSG00000143297,FCRL5
ENSG00000173531,MST1
ENSG00000128815,WDFY4
ENSG00000184500,PROS1
ENSG00000253434,LINC02237
ENSG00000037474,NSUN2
ENSG00000117228,GBP1
ENSG00000066336,SPI1
ENSG00000152578,GRIA4
ENSG00000055813,CCDC85A
ENSG00000104047,DTWD1
ENSG00000135324,MRAP2
ENSG00000213654,GPSM3
ENSG00000237372,LINC03062
ENSG00000149596,JPH2
ENSG00000147324,MFHAS1
ENSG00000113273,ARSB
ENSG00000250742,LINC02381
ENSG00000112972,HMGCS1
ENSG00000263307,RSL1D1-DT
ENSG00000283674,LOC729732
ENSG00000160460,SPTBN4
ENSG00000223878,PPIAP53
ENSG00000224666,ETV7-AS1
ENSG00000144158,SNRPA1P1
ENSG00000150938,CRIM1
ENSG00000158517,NCF1
ENSG00000140067,FAM181A
ENSG00000175352,NRIP3
ENSG00000161714,PLCD3
ENSG00000139865,TTC6
ENSG00000144867,SRPRB
ENSG00000237560,LINC01497
ENSG00000162896,PIGR
ENSG00000205364,MT1M
ENSG00000185480,PARPBP
ENSG00000099957,P2RX6
ENSG00000137078,SIT1
ENSG00000185271,KLHL33
ENSG00000173218,VANGL1
ENSG00000167600,CYP2S1
ENSG00000111262,KCNA1
ENSG00000261220,ST3GAL1-DT
ENSG00000164171,ITGA2
ENSG00000198467,TPM2
ENSG00000122547,EEPD1
ENSG00000108001,EBF3
ENSG00000224238,WARS2-IT1
ENSG00000008517,IL32
ENSG00000087088,BAX
ENSG00000136950,ARPC5L
ENSG00000128709,HOXD9
ENSG00000106268,NUDT1
ENSG00000290576,GOLGA2P5
ENSG00000178734,LMO7DN
ENSG00000233871,DLG5-AS1
ENSG00000140682,TGFB1I1
ENSG00000221818,EBF2
ENSG00000281566,LINC03077
ENSG00000113205,PCDHB3
ENSG00000111181,SLC6A12
ENSG00000143106,PSMA5
ENSG00000130294,KIF1A
ENSG00000170153,RNF150
ENSG00000135898,GPR55
ENSG00000163762,TM4SF18
ENSG00000170324,FRMPD2
ENSG00000101144,BMP7
ENSG00000211772,TRBC2
ENSG00000284194,SCO2
ENSG00000245694,LOC101927480
ENSG00000159714,ZDHHC1
ENSG00000117560,FASLG
ENSG00000175779,LINC02694
ENSG00000163072,NOSTRIN
ENSG00000173540,GMPPB
ENSG00000008516,MMP25
ENSG00000136868,SLC31A1
ENSG00000207563,MIR23B
ENSG00000211753,TRBV28
ENSG00000146918,NCAPG2
ENSG00000113594,LIFR
ENSG00000246640,PICART1
ENSG00000143977,SNRPG
ENSG00000180818,HOXC10
ENSG00000176697,BDNF
ENSG00000147155,EBP
ENSG00000101109,STK4
ENSG00000196208,GREB1
ENSG00000291006,LOC730101
ENSG00000157680,DGKI
ENSG00000133106,EPSTI1
ENSG00000105373,NOP53
ENSG00000107159,CA9
ENSG00000154065,ANKRD29
ENSG00000117834,SLC5A9
ENSG00000154127,UBASH3B
ENSG00000148180,GSN
ENSG00000124935,SCGB1D2
ENSG00000166396,SERPINB7
ENSG00000171533,MAP6
ENSG00000276975,HYDIN2
ENSG00000228427,LOC107985688
ENSG00000233588,CYP51A1P2
ENSG00000118113,MMP8
ENSG00000168329,CX3CR1
ENSG00000179314,WSCD1
ENSG00000151025,GPR158
ENSG00000252464,RN7SKP70
ENSG00000123364,HOXC13
ENSG00000052802,MSMO1
ENSG00000146731,CCT6A
ENSG00000015413,DPEP1
ENSG00000043462,LCP2
ENSG00000111412,SPRING1
ENSG00000167476,JSRP1
ENSG00000214870,LINC02981
ENSG00000244482,LILRA6
ENSG00000276557,TRBV18
ENSG00000186976,EFCAB6
ENSG00000185669,SNAI3
ENSG00000224220,DTNB-AS1
ENSG00000262152,GREP1
ENSG00000233926,TLE1-DT
ENSG00000119812,TSLIG3A
ENSG00000172115,CYCS
ENSG00000164134,NAA15
ENSG00000198851,CD3E
ENSG00000100644,HIF1A
ENSG00000079435,LIPE
ENSG00000119969,HELLS
ENSG00000253661,LOC107986952
ENSG00000118503,TNFAIP3
ENSG00000185250,PPIL6
ENSG00000286250,LOC105372668
ENSG00000109684,CLNK
ENSG00000120337,TNFSF18
ENSG00000233682,FNDC1-AS1
ENSG00000211941,IGHV3-11
ENSG00000267710,EDDM13
ENSG00000113263,ITK
ENSG00000176563,CNTD1
ENSG00000128340,RAC2
ENSG00000112394,SLC16A10
ENSG00000293434,AHSA2P
ENSG00000245164,LINC00861
ENSG00000104723,TUSC3
ENSG00000186891,TNFRSF18
ENSG00000172901,LVRN
ENSG00000267764,CTIF-AS1
ENSG00000157429,ZNF19
ENSG00000290960,TSSC2
ENSG00000167549,CORO6
ENSG00000144554,FANCD2
ENSG00000167914,GSDMA
ENSG00000250305,TRMT9B
ENSG00000187398,LUZP2
ENSG00000179071,CCDC89
ENSG00000048991,R3HDM1
ENSG00000233093,LINC00892
ENSG00000102096,PIM2
ENSG00000185053,SGCZ
ENSG00000163064,EN1
ENSG00000080854,IGSF9B
ENSG00000115756,HPCAL1
ENSG00000211797,TRAV17
ENSG00000197150,ABCB8
ENSG00000164849,GPR146
ENSG00000082684,SEMA5B
ENSG00000180353,HCLS1
ENSG00000176788,BASP1
ENSG00000211632,IGKV3D-11
ENSG00000204839,MROH6
ENSG00000181544,FANCB
ENSG00000211807,TRAV26-1
ENSG00000148459,PDSS1
ENSG00000104687,GSR
ENSG00000104808,DHDH
ENSG00000174501,ANKRD36C
ENSG00000107551,RASSF4
ENSG00000266524,GDF10
ENSG00000172943,PHF8
ENSG00000013588,GPRC5A
ENSG00000153976,HS3ST3A1
ENSG00000164211,STARD4
ENSG00000197930,ERO1A
ENSG00000171444,MCC
ENSG00000234663,LINC01934
ENSG00000223745,CCDC18-AS1
ENSG00000273274,ZBTB8B
ENSG00000004846,ABCB5
ENSG00000185338,SOCS1
ENSG00000258376,PAPLN-AS1
ENSG00000211955,IGHV3-33
ENSG00000181656,GPR88
ENSG00000113088,GZMK
ENSG00000143924,EML4
ENSG00000173692,PSMD1
ENSG00000211747,TRBV20-1
ENSG00000203875,SNHG5
ENSG00000237949,LOC102724768
ENSG00000005022,SLC25A5
ENSG00000135111,TBX3
ENSG00000168374,ARF4
ENSG00000143870,PDIA6
ENSG00000167874,TMEM88
ENSG00000019144,PHLDB1
ENSG00000140368,PSTPIP1
ENSG00000065675,PRKCQ
ENSG00000213398,LCAT
ENSG00000198734,F5
ENSG00000171631,P2RY6
ENSG00000115758,ODC1
ENSG00000198914,POU3F3
ENSG00000232485,RPL37A-DT
ENSG00000148225,WDR31
ENSG00000126785,RHOJ
ENSG00000171700,RGS19
ENSG00000123843,C4BPB
ENSG00000167371,PRRT2
ENSG00000110848,CD69
ENSG00000129667,RHBDF2
ENSG00000185245,GP1BA
ENSG00000229847,EMX2OS
ENSG00000068976,PYGM
ENSG00000168874,ATOH8
ENSG00000257108,NHLRC4
ENSG00000246705,H2AJ
ENSG00000076344,RGS11
ENSG00000226806,LCT-AS1
ENSG00000197256,KANK2
ENSG00000251191,LINC00589
ENSG00000134955,SLC37A2
ENSG00000161281,COX7A1
ENSG00000146216,TTBK1
ENSG00000187688,TRPV2
ENSG00000275004,ZNF280B
ENSG00000137563,GGH
ENSG00000184226,PCDH9
ENSG00000116663,FBXO6
ENSG00000010671,BTK
ENSG00000137960,GIPC2
ENSG00000150750,POU2AF2
ENSG00000126882,FAM78A
ENSG00000231711,LINC00899
ENSG00000249740,LINC01265
ENSG00000089692,LAG3
ENSG00000187862,TTC24
ENSG00000185950,IRS2
ENSG00000131042,LILRB2
ENSG00000105376,ICAM5
ENSG00000269994,LINC02893
ENSG00000224424,PRKAR2A-AS1
ENSG00000123388,HOXC11
ENSG00000287636,LOC124901766
ENSG00000109424,UCP1
ENSG00000275743,TRBV14
ENSG00000241106,HLA-DOB
ENSG00000248360,LINC00504
ENSG00000123643,SLC36A1
ENSG00000123338,NCKAP1L
ENSG00000160211,G6PD
ENSG00000172247,C1QTNF4
ENSG00000281103,TRG-AS1
ENSG00000230749,MEIS1-AS2
ENSG00000054356,PTPRN
ENSG00000179277,MEIS3P1
ENSG00000005884,ITGA3
ENSG00000160200,CBS
ENSG00000145850,TIMD4
ENSG00000246090,LOC100507053
ENSG00000185164,NOMO2
ENSG00000175592,FOSL1
ENSG00000127920,GNG11
ENSG00000186260,MRTFB
ENSG00000169302,STK32A
ENSG00000032389,EIPR1
ENSG00000115232,ITGA4
ENSG00000141759,TXNL4A
ENSG00000255733,IFNG-AS1
ENSG00000235419,LOC112268431
ENSG00000276070,CCL4L2
ENSG00000106236,NPTX2
ENSG00000082074,FYB1
ENSG00000186615,KTN1-AS1
ENSG00000170477,KRT4
ENSG00000147443,DOK2
ENSG00000105877,DNAH11
ENSG00000254080,LINC03071
ENSG00000165478,HEPACAM
ENSG00000179603,GRM8
ENSG00000130816,DNMT1
ENSG00000140548,ZNF710
ENSG00000203585,LINC02408
ENSG00000165409,TSHR
ENSG00000211964,IGHV3-48
ENSG00000168970,JMJD7-PLA2G4B
ENSG00000251151,HOXC-AS3
ENSG00000153283,CD96
ENSG00000115919,KYNU
ENSG00000257924,LINC02416
ENSG00000197471,SPN
ENSG00000092470,WDR76
ENSG00000104856,RELB
ENSG00000160683,CXCR5
ENSG00000103811,CTSH
ENSG00000152253,SPC25
ENSG00000102109,PCSK1N
ENSG00000073712,FERMT2
ENSG00000142634,EFHD2
ENSG00000147138,GPR174
ENSG00000165799,RNASE7
ENSG00000177272,KCNA3
ENSG00000196843,ARID5A
ENSG00000196167,COLCA1
ENSG00000223985,LINC01874
ENSG00000166523,CLEC4E
ENSG00000166770,ZNF667-AS1
ENSG00000211787,TRAV8-3
ENSG00000198010,DLGAP2
ENSG00000177679,SRRM3
ENSG00000164283,ESM1
ENSG00000247774,PCED1B-AS1
ENSG00000117091,CD48
ENSG00000117477,CCDC181
ENSG00000149599,DUSP15
ENSG00000147576,ADHFE1
ENSG00000185010,F8
ENSG00000144057,ST6GAL2
ENSG00000181789,COPG1
ENSG00000104833,TUBB4A
ENSG00000277987,LINC02351
ENSG00000135119,RNFT2
ENSG00000109101,FOXN1
ENSG00000167037,SGSM1
ENSG00000187994,RINL
ENSG00000158373,H2BC5
ENSG00000146192,FGD2
ENSG00000153253,SCN3A
ENSG00000104774,MAN2B1
ENSG00000149527,PLCH2
ENSG00000125675,GRIA3
ENSG00000186994,KANK3
ENSG00000159339,PADI4
ENSG00000183654,MARCHF11
ENSG00000136122,BORA
ENSG00000292223,ADIPINT
ENSG00000112799,LY86
ENSG00000106952,TNFSF8
ENSG00000205057,CLLU1-AS1
ENSG00000166265,CYYR1
ENSG00000133805,AMPD3
ENSG00000161653,NAGS
ENSG00000204071,TCEAL6
ENSG00000101605,MYOM1
ENSG00000157152,SYN2
ENSG00000131142,CCL25
ENSG00000197576,HOXA4
ENSG00000226819,MEIS1-AS3
ENSG00000135763,URB2
ENSG00000291140,AMZ2P1
ENSG00000107593,PKD2L1
ENSG00000107736,CDH23
ENSG00000129038,LOXL1
ENSG00000226237,GAS1RR
ENSG00000259070,LINC00639
ENSG00000047644,WWC3
ENSG00000239911,PRKAG2-AS1
ENSG00000131386,GALNT15
ENSG00000102683,SGCG
ENSG00000251634,NAIPP4
ENSG00000178409,BEND3
ENSG00000111981,ULBP1
ENSG00000185133,INPP5J
ENSG00000277270,LOC105372703
ENSG00000189233,NUGGC
ENSG00000100450,GZMH
ENSG00000128626,MRPS12
ENSG00000103599,IQCH
ENSG00000128805,ARHGAP22
ENSG00000236790,LINC00299
ENSG00000130204,TOMM40
ENSG00000146151,HMGCLL1
ENSG00000293264,ACTG1P25
ENSG00000274565,LOC107985020
ENSG00000267147,LINC01842
ENSG00000020181,ADGRA2
ENSG00000237928,NFIA-AS2
ENSG00000165025,SYK
ENSG00000101188,NTSR1
ENSG00000108759,KRT32
ENSG00000250934,LOC105374088
ENSG00000254670,RASSF10-DT
ENSG00000197748,CFAP43
ENSG00000143590,EFNA3
ENSG00000174255,ZNF80
ENSG00000234884,GRK3-AS1
ENSG00000115705,TPO
ENSG00000110324,IL10RA
ENSG00000196730,DAPK1
ENSG00000124479,NDP
ENSG00000162981,LRATD1
ENSG00000070190,DAPP1
ENSG00000005379,TSPOAP1
ENSG00000140092,FBLN5
ENSG00000095380,NANS
ENSG00000106511,MEOX2
ENSG00000226005,LINC02660
ENSG00000061656,SPAG4
ENSG00000197757,HOXC6
ENSG00000273983,H3C8
ENSG00000168995,SIGLEC7
ENSG00000131686,CA6
ENSG00000036530,CYP46A1
ENSG00000166250,CLMP
ENSG00000147889,CDKN2A
ENSG00000180535,BHLHA15
ENSG00000101306,MYLK2
ENSG00000167703,SLC43A2
ENSG00000184207,PGP
ENSG00000276168,RN7SL1
ENSG00000247675,LRP4-AS1
ENSG00000164070,HSPA4L
ENSG00000182759,MAFA
ENSG00000171611,PTCRA
ENSG00000110944,IL23A
ENSG00000134516,DOCK2
ENSG00000235029,MNX1-AS2
ENSG00000197361,FBXL22
ENSG00000117425,PTCH2
ENSG00000166793,YPEL4
ENSG00000146374,RSPO3
ENSG00000211786,TRAV8-2
ENSG00000211706,TRBV6-1
ENSG00000117148,ACTL8
ENSG00000182158,CREB3L2
ENSG00000232316,LINC02518
ENSG00000160185,UBASH3A
ENSG00000132321,DRC11
ENSG00000211640,IGLV6-57
ENSG00000174871,CNIH2
ENSG00000131242,RAB11FIP4
ENSG00000228486,C2orf92
ENSG00000120526,NUDCD1
ENSG00000290722,WDR87BP
ENSG00000153044,CENPH
ENSG00000105519,CAPS
ENSG00000064547,LPAR2
ENSG00000155368,DBI
ENSG00000211796,TRAV16
ENSG00000274641,H2BC17
ENSG00000271858,LOC101928965
ENSG00000289839,LOC102725231
ENSG00000073849,ST6GAL1
ENSG00000255833,TIFAB
ENSG00000157796,WDR19
ENSG00000170161,FAM88B
ENSG00000166173,LARP6
ENSG00000100426,ZBED4
ENSG00000102962,CCL22
ENSG00000172602,RND1
ENSG00000163710,PCOLCE2
ENSG00000303828,LOC124906233
ENSG00000139330,KERA
ENSG00000293495,C19orf48P
ENSG00000127080,IPPK
ENSG00000119508,NR4A3
ENSG00000187758,ADH1A
ENSG00000167766,ZNF83
ENSG00000097021,ACOT7
ENSG00000175166,PSMD2
ENSG00000149575,SCN2B
ENSG00000174123,TLR10
ENSG00000154133,ROBO4
ENSG00000197181,PIWIL2
ENSG00000155629,PIK3AP1
ENSG00000100298,APOBEC3H
ENSG00000133433,GSTT2B
ENSG00000150628,SPATA4
ENSG00000013293,SLC7A14
ENSG00000185947,ZNF267
ENSG00000128228,SDF2L1
ENSG00000134463,ECHDC3
ENSG00000187037,GPR141
ENSG00000128573,FOXP2
ENSG00000015285,WAS
ENSG00000171551,ECEL1
ENSG00000148541,FAM13C
ENSG00000147113,DIPK2B
ENSG00000104427,ZC2HC1A
ENSG00000196503,ARL9
ENSG00000181649,PHLDA2
ENSG00000272666,KLHDC7B-DT
ENSG00000245954,LINC02273
ENSG00000100968,NFATC4
ENSG00000013297,CLDN11
ENSG00000110446,SLC15A3
ENSG00000140876,NUDT7
ENSG00000145536,ADAMTS16
ENSG00000174099,MSRB3
ENSG00000110328,GALNT18
ENSG00000172172,MRPL13
ENSG00000196427,NBPF4
ENSG00000155324,GRAMD2B
ENSG00000185811,IKZF1
ENSG00000141401,IMPA2
ENSG00000085117,CD82
ENSG00000272459,FAM193B-DT
ENSG00000254251,LOC105375635
ENSG00000266714,MYO15B
ENSG00000224596,ZMIZ1-AS1
ENSG00000111537,IFNG
ENSG00000205090,TMEM240
ENSG00000063180,CA11
ENSG00000130876,SLC7A10
ENSG00000167103,PIP5KL1
ENSG00000232284,GNG12-AS1
ENSG00000142224,IL19
ENSG00000249252,C1QTNF7-AS1
ENSG00000035720,STAP1
ENSG00000167664,TMIGD2
ENSG00000255836,LOC100419928
ENSG00000168427,KLHL30
ENSG00000163918,RFC4
ENSG00000149177,PTPRJ
ENSG00000134352,IL6ST
ENSG00000123983,ACSL3
ENSG00000283554,LINC02341
ENSG00000053438,NNAT
ENSG00000188013,MEIS3P2
ENSG00000105559,PLEKHA4
ENSG00000204314,PRRT1
ENSG00000120217,CD274
ENSG00000233355,CHRM3-AS2
ENSG00000153823,PID1
ENSG00000242125,SNHG3
ENSG00000148935,GAS2
ENSG00000175093,SPSB4
ENSG00000163462,TRIM46
ENSG00000186665,C17orf58
ENSG00000164400,CSF2
ENSG00000151572,ANO4
ENSG00000164879,CA3
ENSG00000242574,HLA-DMB
ENSG00000036672,USP2
ENSG00000179889,PDXDC1
ENSG00000109107,ALDOC
ENSG00000146038,DCDC2
ENSG00000144837,PLA1A
ENSG00000078596,ITM2A
ENSG00000204287,HLA-DRA
ENSG00000092758,COL9A3
ENSG00000122591,HYCC1
ENSG00000006625,GGCT
ENSG00000241351,IGKV3-11
ENSG00000101751,POLI
ENSG00000134962,KLB
ENSG00000173212,MAB21L3
ENSG00000158286,RNF207
ENSG00000169962,TAS1R3
ENSG00000132793,LPIN3
ENSG00000017483,SLC38A5
ENSG00000211721,TRBV6-5
ENSG00000251015,SLC25A30-AS1
ENSG00000115267,IFIH1
ENSG00000023445,BIRC3
ENSG00000187498,COL4A1
ENSG00000113648,MACROH2A1
ENSG00000135245,HILPDA
ENSG00000102678,FGF9
ENSG00000171840,NINJ2
ENSG00000237976,RFX5-AS1
ENSG00000154814,OXNAD1
ENSG00000165410,CFL2
ENSG00000214212,C19orf38
ENSG00000205056,LINC02397
ENSG00000211697,TRGV5
ENSG00000187801,ZFP69B
ENSG00000144045,DQX1
ENSG00000187151,ANGPTL5
ENSG00000135917,SLC19A3
ENSG00000138018,SELENOI
ENSG00000169550,MUC15
ENSG00000162998,FRZB
ENSG00000132622,HSPA12B
ENSG00000287566,LOC105376380
ENSG00000168079,SCARA5
ENSG00000164946,FREM1
ENSG00000154330,PGM5
ENSG00000204681,GABBR1
ENSG00000131944,FAAP24
ENSG00000295480,LOC124902513
ENSG00000286322,LOC105376020
ENSG00000186452,TMPRSS12
ENSG00000185668,POU3F1
ENSG00000116183,PAPPA2
ENSG00000108518,PFN1
ENSG00000211650,IGLV5-45
ENSG00000197753,LHFPL5
ENSG00000236849,LINC01474
ENSG00000164924,YWHAZ
ENSG00000204482,LST1
ENSG00000301948,LINC03220
ENSG00000167900,TK1
ENSG00000249931,GOLGA8K
ENSG00000129467,ADCY4
ENSG00000172167,MTBP
ENSG00000161929,SCIMP
ENSG00000107562,CXCL12
ENSG00000184432,COPB2
ENSG00000164035,EMCN
ENSG00000078399,HOXA9
ENSG00000295724,LOC102723635
ENSG00000277632,CCL3
ENSG00000138738,PRDM5
ENSG00000131979,GCH1
ENSG00000163563,MNDA
ENSG00000101213,PTK6
ENSG00000211791,TRAV13-2
ENSG00000066735,KIF26A
ENSG00000163823,CCR1
ENSG00000214942,LOC102724637
ENSG00000178075,GRAMD1C
ENSG00000241697,TMEFF1
ENSG00000172461,FUT9
ENSG00000145777,TSLP
ENSG00000165124,SVEP1
ENSG00000224418,STK24-AS1
ENSG00000166257,SCN3B
ENSG00000074527,NTN4
ENSG00000167074,TEF
ENSG00000122884,P4HA1
ENSG00000176723,ZNF843
ENSG00000126264,HCST
ENSG00000171903,CYP4F11
ENSG00000077157,PPP1R12B
ENSG00000287232,LOC124909426
ENSG00000184271,POU6F1
ENSG00000152763,DNAI4
ENSG00000086289,EPDR1
ENSG00000232931,LINC00342
ENSG00000124785,NRN1
ENSG00000126368,NR1D1
ENSG00000156564,LRFN2
ENSG00000198046,ZNF667
ENSG00000173369,C1QB
ENSG00000256128,LOC100996671
ENSG00000181652,ATG9B
ENSG00000300362,EGFLAM-AS7
ENSG00000162676,GFI1
ENSG00000124203,ZNF831
ENSG00000276365,MIR145
ENSG00000189184,PCDH18
ENSG00000274286,ADRA2B
ENSG00000157766,ACAN
ENSG00000284730,TMDD1
ENSG00000137285,TUBB2B
ENSG00000266904,LINC00663
ENSG00000243836,WDR86-AS1
ENSG00000121691,CAT
ENSG00000179918,SEPHS2
ENSG00000185522,LMNTD2
ENSG00000117090,SLAMF1
ENSG00000198944,SOWAHA
ENSG00000101916,TLR8
ENSG00000104413,ESRP1
ENSG00000168461,RAB31
ENSG00000065618,COL17A1
ENSG00000267280,TBX2-AS1
ENSG00000160410,SHKBP1
ENSG00000057657,PRDM1
ENSG00000137825,ITPKA
ENSG00000277449,CEBPB-AS1
ENSG00000197275,RAD54B
ENSG00000165731,RET
ENSG00000229769,TRBV10-2
ENSG00000146143,PRIM2
ENSG00000233030,LOC124904411
ENSG00000204475,NCR3
ENSG00000157111,TMEM171
ENSG00000148908,RGS10
ENSG00000170099,SERPINA6
ENSG00000241218,CSP2
ENSG00000196839,ADA
ENSG00000156299,TIAM1
ENSG00000157551,KCNJ15
ENSG00000243650,RN7SL834P
ENSG00000203943,SAMD13
ENSG00000249816,LINC00964
ENSG00000185561,TLCD2
ENSG00000177822,TENM3-AS1
ENSG00000034971,MYOC
ENSG00000244716,RPL17P7
ENSG00000076003,MCM6
ENSG00000158825,CDA
ENSG00000236028,EYA2-AS1
ENSG00000271474,UNC5C-AS1
ENSG00000205784,ARRDC5
ENSG00000179091,CYC1
ENSG00000164919,COX6C
ENSG00000116882,HAO2
ENSG00000005844,ITGAL
ENSG00000051523,CYBA
ENSG00000166897,ELFN2
ENSG00000153930,ANKFN1
ENSG00000197580,BCO2
ENSG00000166405,RIC3
ENSG00000179930,ZNF648
ENSG00000111012,CYP27B1
ENSG00000146966,DENND2A
ENSG00000164934,DCAF13
ENSG00000100307,CBX7
ENSG00000214021,TTLL3
ENSG00000104312,RIPK2
ENSG00000105639,JAK3
ENSG00000163508,EOMES
ENSG00000092929,UNC13D
ENSG00000072133,RPS6KA6
ENSG00000183346,CABCOCO1
ENSG00000173200,PARP15
ENSG00000143727,ACP1
ENSG00000295072,LOC124904070
ENSG00000180861,LINC01559
ENSG00000184185,KCNJ12
ENSG00000169760,NLGN1
ENSG00000165501,LRR1
ENSG00000120280,TASL
ENSG00000232591,LINC02642
ENSG00000237863,IRS4-AS1
ENSG00000188766,SPRED3
ENSG00000303324,LOC105374263
ENSG00000167700,SLC33A2
ENSG00000277157,H4C4
ENSG00000188883,KLRG2
ENSG00000168993,CPLX1
ENSG00000163285,GABRG1
ENSG00000255002,LINC02324
ENSG00000204022,LIPJ
ENSG00000197565,COL4A6
ENSG00000293492,NUDT16L2P
ENSG00000239264,TXNDC5
ENSG00000131044,TTLL9
ENSG00000113971,NPHP3
ENSG00000129951,PLPPR3
ENSG00000205930,EPCIP-AS1
ENSG00000064309,CDON
ENSG00000170476,MZB1
ENSG00000109794,FAM149A
ENSG00000211815,TRAV36DV7
ENSG00000122971,ACADS
ENSG00000158869,FCER1G
ENSG00000198431,TXNRD1
ENSG00000184599,TAFA3
ENSG00000105784,RUNDC3B
ENSG00000088538,DOCK3
ENSG00000128710,HOXD10
ENSG00000282600,IGHV3-69-1
ENSG00000265929,MIR5195
ENSG00000230943,LINC02541
ENSG00000245105,A2M-AS1
ENSG00000100600,LGMN
ENSG00000143621,ILF2
ENSG00000211816,TRAV38-1
ENSG00000183763,TRAIP
ENSG00000233593,LINC02609
ENSG00000133169,BEX1
ENSG00000282431,TRBD1
ENSG00000149295,DRD2
ENSG00000213967,ZNF726
ENSG00000178053,MLF1
ENSG00000103723,AP3B2
ENSG00000012124,CD22
ENSG00000144580,CNOT9
ENSG00000197776,KLHDC1
ENSG00000219607,PPP1R3G
ENSG00000010610,CD4
ENSG00000295333,ASMER2
ENSG00000281958,TRBJ1-4
ENSG00000150760,DOCK1
ENSG00000211651,IGLV1-44
ENSG00000095383,TBC1D2
ENSG00000165164,CFAP47
ENSG00000105122,RASAL3
ENSG00000172465,TCEAL1
ENSG00000159166,LAD1
ENSG00000149043,SYT8
ENSG00000004864,SLC25A13
ENSG00000166762,CATSPER2
ENSG00000134285,FKBP11
ENSG00000158715,SLC45A3
ENSG00000144959,NCEH1
ENSG00000123095,BHLHE41
ENSG00000230533,LINC03004
ENSG00000034510,TMSB10
ENSG00000075035,WSCD2
ENSG00000173253,DMRT2
ENSG00000102225,CDK16
ENSG00000148965,SAA4
ENSG00000180769,WDFY3-AS2
ENSG00000186684,CYP27C1
ENSG00000101280,ANGPT4
ENSG00000127533,F2RL3
ENSG00000267475,NUDT19-DT
ENSG00000121690,DEPDC7
ENSG00000128422,KRT17
ENSG00000129925,PGAP6
ENSG00000159450,TCHH
ENSG00000125378,BMP4
ENSG00000224875,EML4-AS1
ENSG00000249201,TERLR1
ENSG00000175294,CATSPER1
ENSG00000114270,COL7A1
ENSG00000267082,DOCK6-AS1
ENSG00000286733,LINC02348
ENSG00000081760,AACS
ENSG00000266094,RASSF5
ENSG00000015133,CCDC88C
ENSG00000164107,HAND2
ENSG00000132837,DMGDH
ENSG00000138757,G3BP2
ENSG00000116729,WLS
ENSG00000244541,LOC105374313
ENSG00000253133,GPAT4-AS1
ENSG00000231475,IGHV4-30-2
ENSG00000120254,MTHFD1L
ENSG00000180448,ARHGAP45
ENSG00000173372,C1QA
ENSG00000222041,CYTOR
ENSG00000243466,IGKV1-5
ENSG00000156127,BATF
ENSG00000140297,GCNT3
ENSG00000259347,SMAD3-DT
ENSG00000203668,CHML
ENSG00000113615,SEC24A
ENSG00000117448,AKR1A1
ENSG00000259225,LINC02345
ENSG00000138346,DNA2
ENSG00000260455,NBAT1
ENSG00000164303,ENPP6
ENSG00000128564,VGF
ENSG00000136114,THSD1
ENSG00000153303,FRMD1
ENSG00000123329,ARHGAP9
ENSG00000131016,AKAP12
ENSG00000101986,ABCD1
ENSG00000183287,CCBE1
ENSG00000102001,CACNA1F
ENSG00000109861,CTSC
ENSG00000076662,ICAM3
ENSG00000271503,CCL5
ENSG00000116396,KCNC4
ENSG00000272763,LINC03057
ENSG00000111679,PTPN6
ENSG00000144230,GPR17
ENSG00000123243,ITIH5
ENSG00000127129,EDN2
ENSG00000073737,DHRS9
ENSG00000143320,CRABP2
ENSG00000266967,AARSD1
ENSG00000237773,LOC101927609
ENSG00000136378,ADAMTS7
ENSG00000163154,TIPE2
ENSG00000101331,CCM2L
ENSG00000262179,MYMX
ENSG00000177301,KCNA2
ENSG00000152192,POU4F1
ENSG00000112578,BYSL
ENSG00000226031,FGF13-AS1
ENSG00000204394,VARS1
ENSG00000005059,MCUB
ENSG00000151090,THRB
ENSG00000171451,DSEL
ENSG00000240891,PLCXD2
ENSG00000237080,EHMT2-AS1
ENSG00000140955,ADAD2
ENSG00000118276,B4GALT6
ENSG00000167634,NLRP7
ENSG00000157778,PSMG3
ENSG00000134258,VTCN1
ENSG00000140743,CDR2
ENSG00000227544,LINC03013
ENSG00000142347,MYO1F
ENSG00000307342,LOC107986854
ENSG00000149485,FADS1
ENSG00000181577,LINC03040
ENSG00000211793,TRAV9-2
ENSG00000112029,FBXO5
ENSG00000134762,DSC3
ENSG00000168269,FOXI1
ENSG00000168589,DYNLRB2
ENSG00000122694,GLIPR2
ENSG00000185432,TMT1A
ENSG00000144460,NYAP2
ENSG00000183598,H3C13
ENSG00000280721,LINC01943
ENSG00000115009,CCL20
ENSG00000211892,IGHG4
ENSG00000162004,CCDC78
ENSG00000233760,LINC03095
ENSG00000188163,CIMIP2A
ENSG00000002549,LAP3
ENSG00000140030,GPR65
ENSG00000188848,BEND4
ENSG00000231473,RB1-DT
ENSG00000226887,ERVMER34-1
ENSG00000211592,IGKC
ENSG00000163535,SGO2
ENSG00000211625,IGKV3D-20
ENSG00000155719,OTOA
ENSG00000115241,PPM1G
ENSG00000196890,H2BC26
ENSG00000178773,CPNE7
ENSG00000143554,SLC27A3
ENSG00000172935,MRGPRF
ENSG00000183049,CAMK1D
ENSG00000176177,ENTHD1
ENSG00000060982,BCAT1
ENSG00000286522,H3C2
ENSG00000211949,IGHV3-23
ENSG00000188747,NOXA1
ENSG00000112699,GMDS
ENSG00000143322,ABL2
ENSG00000212664,RPL17P39
ENSG00000159433,STARD9
ENSG00000123689,G0S2
ENSG00000136848,DAB2IP
ENSG00000188676,IDO2
ENSG00000131067,GGT7
ENSG00000109576,AADAT
ENSG00000184979,USP18
ENSG00000204618,RNF39
ENSG00000135773,CAPN9
ENSG00000234380,LINC01426
ENSG00000136449,MYCBPAP
ENSG00000050628,PTGER3
ENSG00000115085,ZAP70
ENSG00000184347,SLIT3
ENSG00000181192,DHTKD1
ENSG00000011465,DCN
ENSG00000082212,ME2
ENSG00000127152,BCL11B
ENSG00000179715,PCED1B
ENSG00000136250,AOAH
ENSG00000072501,SMC1A
ENSG00000174442,ZWILCH
ENSG00000144451,SPAG16
ENSG00000174059,CD34
ENSG00000167114,SLC27A4
ENSG00000109084,TMEM97
ENSG00000151655,ITIH2
ENSG00000130695,CEP85
ENSG00000124942,AHNAK
ENSG00000183134,PTGDR2
ENSG00000107518,ATRNL1
ENSG00000184465,WDR27
ENSG00000254726,MEX3A
ENSG00000282939,TRBV7-2
ENSG00000283083,LINC02498
ENSG00000116194,ANGPTL1
ENSG00000260428,SCX
ENSG00000160182,TFF1
ENSG00000173421,IHO1
ENSG00000186918,ZNF395
ENSG00000105352,CEACAM4
ENSG00000255052,FAM66D
ENSG00000245849,RAD51-AS1
ENSG00000102524,TNFSF13B
ENSG00000267452,LINC02073
ENSG00000050165,DKK3
ENSG00000229487,ALG13-AS1
ENSG00000131187,F12
ENSG00000160223,ICOSLG
ENSG00000266964,FXYD1
ENSG00000224041,IGKV3D-15
ENSG00000182873,PRKCZ-AS1
ENSG00000163814,CDCP1
ENSG00000123612,ACVR1C
ENSG00000121807,CCR2
ENSG00000211777,TRAV3
ENSG00000175164,ABO
ENSG00000173457,PPP1R14B
ENSG00000275880,NAXD-AS1
ENSG00000140853,NLRC5
ENSG00000175643,RMI2
ENSG00000262966,LOC101928266
ENSG00000153563,CD8A
ENSG00000234383,CTBP2P8
ENSG00000250331,LINC01340
ENSG00000278030,TRBV7-9
ENSG00000069020,MAST4
ENSG00000226004,SIMALR
ENSG00000155561,NUP205
ENSG00000297460,LOC105376627
ENSG00000172673,THEMIS
ENSG00000147488,ST18
ENSG00000143412,ANXA9
ENSG00000196159,FAT4
ENSG00000258227,CLEC5A
ENSG00000198939,ZFP2
ENSG00000236924,MAHAC
ENSG00000301321,LOC105369574
ENSG00000140105,WARS1
ENSG00000102934,PLLP
ENSG00000230960,LOC154449
ENSG00000211804,TRDV1
ENSG00000105996,HOXA2
ENSG00000258484,SPESP1
ENSG00000174130,TLR6
ENSG00000084070,SMAP2
ENSG00000219438,TAFA5
ENSG00000164483,SAMD3
ENSG00000172403,SYNPO2
ENSG00000231367,LINC02613
ENSG00000287620,LOC105377035
ENSG00000172954,LCLAT1
ENSG00000284640,LOC105378644
ENSG00000172000,ZNF556
ENSG00000231389,HLA-DPA1
ENSG00000142512,SIGLEC10
ENSG00000112494,UNC93A
ENSG00000170464,DNAJC18
ENSG00000211802,TRAV22
ENSG00000169427,KCNK9
ENSG00000154978,VOPP1
ENSG00000245498,MSANTD2-AS1
ENSG00000059378,PARP12
ENSG00000065621,GSTO2
ENSG00000140057,AK7
ENSG00000175544,CABP4
ENSG00000162817,C1orf115
ENSG00000155816,FMN2
ENSG00000078814,MYH7B
ENSG00000183695,MRGPRX2
ENSG00000147573,TRIM55
ENSG00000185559,DLK1
ENSG00000225697,SLC26A6
ENSG00000266850,RBBP8-AS1
ENSG00000141968,VAV1
ENSG00000182054,IDH2
ENSG00000120738,EGR1
ENSG00000090539,CHRD
ENSG00000125878,TCF15
ENSG00000254288,LOC105375903
ENSG00000265612,MIR4539
ENSG00000147434,CHRNA6
ENSG00000137878,GCOM1
ENSG00000163235,TGFA
ENSG00000163617,CCDC191
ENSG00000130812,ANGPTL6
ENSG00000158246,TENT5B
ENSG00000184840,TMED9
ENSG00000011590,ZBTB32
ENSG00000254855,KLC2-AS1
ENSG00000181619,GPR135
ENSG00000180767,CHST13
ENSG00000115541,HSPE1
ENSG00000109705,NKX3-2
ENSG00000164089,ETNPPL
ENSG00000126218,F10
ENSG00000260329,TMEM263-DT
ENSG00000260917,LOC103344931
ENSG00000113231,PDE8B
ENSG00000293137,MSL3B
ENSG00000226660,TRBV2
ENSG00000124721,DNAH8
ENSG00000179088,C12orf42
ENSG00000160867,FGFR4
ENSG00000183960,KCNH8
ENSG00000179938,GOLGA8J
ENSG00000267530,LINC01836
ENSG00000105695,MAG
ENSG00000141338,ABCA8
ENSG00000178163,ZNF518B
ENSG00000187627,RGPD1
ENSG00000226791,LINC02611
ENSG00000099901,RANBP1
ENSG00000166159,LRTM2
ENSG00000272970,LOC107986163
ENSG00000167972,ABCA3
ENSG00000180096,SEPTIN1
ENSG00000127561,SYNGR3
ENSG00000279833,CBX7-AS1
ENSG00000144401,METTL21A
ENSG00000144619,CNTN4
ENSG00000111331,OAS3
ENSG00000270959,LPP-AS2
ENSG00000146233,CYP39A1
ENSG00000198178,CLEC4C
ENSG00000131435,PDLIM4
ENSG00000160838,LRRC71
ENSG00000085662,AKR1B1
ENSG00000075884,ARHGAP15
ENSG00000109265,CRACD
ENSG00000159307,SCUBE1
ENSG00000233308,OSTN-AS1
ENSG00000116985,BMP8B
ENSG00000232859,LYRM9
ENSG00000169122,FAM110B
ENSG00000169429,CXCL8
ENSG00000241362,RPL36AP43
ENSG00000165379,LRFN5
ENSG00000027644,INSRR
ENSG00000225746,MEG8
ENSG00000109686,SH3D19
ENSG00000187605,TET3
ENSG00000185900,POMK
ENSG00000146938,NLGN4X
ENSG00000205413,SAMD9
ENSG00000105270,CLIP3
ENSG00000261210,CLEC19A
ENSG00000165443,PHYHIPL
ENSG00000104888,SLC17A7
ENSG00000188783,PRELP
ENSG00000237181,PRKAR1B-AS1
ENSG00000233079,LINC01755
ENSG00000070808,CAMK2A
ENSG00000158125,XDH
ENSG00000102034,ELF4
ENSG00000291141,EMBP1
ENSG00000177432,NAP1L5
ENSG00000188573,FBLL1
ENSG00000125347,IRF1
ENSG00000267023,LRRC37A16P
ENSG00000144642,RBMS3
ENSG00000256948,IQSEC3-AS2
ENSG00000170779,CDCA4
ENSG00000198216,CACNA1E
ENSG00000069188,SDK2
ENSG00000089820,ARHGAP4
ENSG00000118729,CASQ2
ENSG00000181143,MUC16
ENSG00000002745,WNT16
ENSG00000167261,DPEP2
ENSG00000117143,UAP1
ENSG00000198554,WDHD1
ENSG00000056558,TRAF1
ENSG00000180878,C11orf42
ENSG00000131504,DIAPH1
ENSG00000112902,SEMA5A
ENSG00000100379,KCTD17
ENSG00000258457,AJUBA-DT
ENSG00000222020,HDAC4-AS1
ENSG00000204583,LRCOL1
ENSG00000237541,HLA-DQA2
ENSG00000114670,NEK11
ENSG00000197561,ELANE
ENSG00000173207,CKS1B
ENSG00000290738,URAHP
ENSG00000070882,OSBPL3
ENSG00000109436,TBC1D9
ENSG00000184905,TCEAL2
ENSG00000167670,CHAF1A
ENSG00000244040,IL12A-AS1
ENSG00000180879,SSR4
ENSG00000181896,ZNF101
ENSG00000238198,LRIG2-DT
ENSG00000235576,LINC01871
ENSG00000230479,CLDN14-AS1
ENSG00000166448,TMEM130
ENSG00000261934,PCDHGA9
ENSG00000131153,GINS2
ENSG00000162897,FCAMR
ENSG00000196550,RUMY1
ENSG00000089127,OAS1
ENSG00000241360,PDXP
ENSG00000155754,CATSPERT
ENSG00000123496,IL13RA2
ENSG00000159496,RGL4
ENSG00000066855,MTFR1
ENSG00000169291,SHE
ENSG00000211750,TRBV24-1
ENSG00000157184,CPT2
ENSG00000170577,SIX2
ENSG00000136457,CHAD
ENSG00000080839,RBL1
ENSG00000186652,PRG2
ENSG00000236036,LINC00445
ENSG00000198774,RASSF9
ENSG00000104213,PDGFRL
ENSG00000231246,LINC02884
ENSG00000204860,FAM201A
ENSG00000214711,CAPN14
ENSG00000204625,HCG9
ENSG00000101194,SLC17A9
ENSG00000164619,BMPER
ENSG00000119888,EPCAM
ENSG00000196358,NTNG2
ENSG00000101935,AMMECR1
ENSG00000286125,ZIM2-AS1
ENSG00000271303,SRXN1
ENSG00000234511,C5orf58
ENSG00000211890,IGHA2
ENSG00000177994,CIMIP6
ENSG00000197780,TAF13
ENSG00000211445,GPX3
ENSG00000186204,CYP4F12
ENSG00000151135,TMEM263
ENSG00000174788,PCP2
ENSG00000137265,IRF4
ENSG00000118526,TCF21
ENSG00000285077,ARHGAP11B
ENSG00000125879,OTOR
ENSG00000153237,CCDC148
ENSG00000115850,LCT
ENSG00000117971,CHRNB4
ENSG00000235703,EOLA2-DT
ENSG00000267123,SCAT1
ENSG00000232869,TRBV29-1
ENSG00000170801,HTRA3
ENSG00000186827,TNFRSF4
ENSG00000181374,CCL13
ENSG00000172548,NIPAL4
ENSG00000127616,SMARCA4
ENSG00000053702,NRIP2
ENSG00000144395,CCDC150
ENSG00000059804,SLC2A3
ENSG00000130477,UNC13A
ENSG00000169241,SLC50A1
ENSG00000228793,LOC100507336
ENSG00000107186,MPDZ
ENSG00000255569,TRAV1-1
ENSG00000138606,SHF
ENSG00000171160,MORN4
ENSG00000265996,MIR3671
ENSG00000155099,PIP4P2
ENSG00000260230,FRRS1L
ENSG00000173762,CD7
ENSG00000078098,FAP
ENSG00000135406,PRPH
ENSG00000229619,MBNL1-AS1
ENSG00000079215,SLC1A3
ENSG00000223552,CCR5AS
ENSG00000148848,ADAM12
ENSG00000109943,CRTAM
ENSG00000178789,CD300LB
ENSG00000102245,CD40LG
ENSG00000134321,RSAD2
ENSG00000198901,PRC1
ENSG00000253368,TRNP1
ENSG00000177173,NAP1L4P1
ENSG00000069482,GAL
ENSG00000196569,LAMA2
ENSG00000235532,LINC00402
ENSG00000213430,HSPD1P1
ENSG00000143543,JTB
ENSG00000138709,LARP1B
ENSG00000206384,COL6A6
ENSG00000100583,SAMD15
ENSG00000072818,ACAP1
ENSG00000225731,PDE9A-AS1
ENSG00000116221,MRPL37
ENSG00000185031,SLC2A3P2
ENSG00000143839,REN
ENSG00000213585,VDAC1
ENSG00000167895,TMC8
ENSG00000186086,NBPF6
ENSG00000308044,LOC124903151
ENSG00000215784,RUMY4
ENSG00000124571,XPO5
ENSG00000224429,LINC00539
ENSG00000000938,FGR
ENSG00000262185,TRIDDENT
ENSG00000172296,SPTLC3
ENSG00000211598,IGKV4-1
ENSG00000131746,TNS4
ENSG00000185507,IRF7
ENSG00000090339,ICAM1
ENSG00000233725,NRAD1
ENSG00000156709,AIFM1
ENSG00000255435,TTC36-AS1
ENSG00000189238,LINC00943
ENSG00000173269,MMRN2
ENSG00000287315,LOC101927401
ENSG00000212807,OR2A42
ENSG00000146416,AIG1
ENSG00000241839,PLEKHO2
ENSG00000004799,PDK4
ENSG00000232653,GOLGA8N
ENSG00000232046,LINC01799
ENSG00000233907,LINC01761
ENSG00000108691,CCL2
ENSG00000091704,CPA1
ENSG00000162889,MAPKAPK2
ENSG00000211935,IGHV1-3
ENSG00000291049,FAM86B3P
ENSG00000182732,RGS6
ENSG00000134256,CD101
ENSG00000189134,NKAPL
ENSG00000121797,CCRL2
ENSG00000173950,XXYLT1
ENSG00000042832,TG
ENSG00000273604,EPOP
ENSG00000122224,LY9
ENSG00000265666,RARA-AS1
ENSG00000246228,CASC8
ENSG00000196230,TUBB
ENSG00000205517,RGL3
ENSG00000150637,CD226
ENSG00000115687,PASK
ENSG00000125869,LAMP5
ENSG00000255794,RMST
ENSG00000282556,LOC101927825
ENSG00000186439,TRDN
ENSG00000294563,LOC124902948
ENSG00000166482,MFAP4
ENSG00000226194,LINC02519
ENSG00000196096,SPAG16-DT
ENSG00000120436,GPR31
ENSG00000101251,SEL1L2
ENSG00000289516,LOC124903064
ENSG00000163491,NEK10
ENSG00000130518,IQCN
ENSG00000172830,SSH3
ENSG00000186766,FOXI2
ENSG00000101230,ISM1
ENSG00000302989,LINC02996
ENSG00000242866,STRC
ENSG00000187775,DNAH17
ENSG00000185610,DBX2
ENSG00000165181,SHOC1
ENSG00000188316,ENO4
ENSG00000111913,RIPOR2
ENSG00000214944,ARHGEF28
ENSG00000142178,SIK1
ENSG00000267254,ZNF790-AS1
ENSG00000187987,ZSCAN23
ENSG00000263740,RN7SL4P
ENSG00000254153,LINC02950
ENSG00000223865,HLA-DPB1
ENSG00000167207,NOD2
ENSG00000151468,CCDC3
ENSG00000263400,TMEM220-AS1
ENSG00000171016,PYGO1
ENSG00000133142,TCEAL4
ENSG00000129744,ART1
ENSG00000188620,HMX3
ENSG00000160401,CFAP157
ENSG00000153086,ACMSD
ENSG00000137691,CFAP300
ENSG00000152455,SUV39H2
ENSG00000260025,CRIM1-DT
ENSG00000099812,MISP
ENSG00000134853,PDGFRA
ENSG00000183508,TENT5C
ENSG00000232434,AJM1
ENSG00000135636,DYSF
ENSG00000183160,TMEM119
ENSG00000141194,OR4D1
ENSG00000144583,MARCHF4
ENSG00000100092,SH3BP1
ENSG00000137496,IL18BP
ENSG00000172322,CLEC12A
ENSG00000263503,MAPK8IP1P2
ENSG00000103852,TTC23
ENSG00000099622,CIRBP
ENSG00000184160,ADRA2C
ENSG00000249574,LOC442497
ENSG00000119514,GALNT12
ENSG00000117308,GALE
ENSG00000159189,C1QC
ENSG00000137310,TCF19
ENSG00000162851,TFB2M
ENSG00000073861,TBX21
ENSG00000211679,IGLC3
ENSG00000153956,CACNA2D1
ENSG00000246465,LOC124903670
ENSG00000143867,OSR1
ENSG00000151917,BEND6
ENSG00000180061,TMEM150B
ENSG00000250903,GMDS-DT
ENSG00000240038,AMY2B
ENSG00000134326,CMPK2
ENSG00000204815,ODAD4
ENSG00000143184,XCL1
ENSG00000238099,LINC01625
ENSG00000136327,NKX2-8
ENSG00000122986,HVCN1
ENSG00000228668,TRGV5P
ENSG00000233532,LINC00460
ENSG00000138074,SLC5A6
ENSG00000137976,DNASE2B
ENSG00000077984,CST7
ENSG00000114812,VIPR1
ENSG00000251442,LOC101928893
ENSG00000169435,RASSF6
ENSG00000189367,KIAA0408
ENSG00000285714,LOC124903185
ENSG00000226508,ROSSALIND
ENSG00000281392,LINC00506
ENSG00000162654,GBP4
ENSG00000246523,FZD4-DT
ENSG00000277972,CISD3
ENSG00000103546,SLC6A2
ENSG00000134851,TMEM165
ENSG00000211790,TRAV8-4
ENSG00000253978,TENM2-AS1
ENSG00000299260,LOC105370974
ENSG00000141337,ARSG
ENSG00000188536,HBA2
ENSG00000166510,CCDC68
ENSG00000172733,PURG
ENSG00000066248,NGEF
ENSG00000141431,ASXL3
ENSG00000224126,UBE2SP2
ENSG00000213300,HNRNPA3P6
ENSG00000283247,CCDC201
ENSG00000240065,PSMB9
ENSG00000260941,LINC00622
ENSG00000139985,ADAM21
ENSG00000214575,CPEB1
ENSG00000150893,FREM2
ENSG00000214128,TMEM213
ENSG00000152213,ARL11
ENSG00000186462,NAP1L2
ENSG00000205704,SMIM45
ENSG00000211637,IGLV4-69
ENSG00000086967,MYBPC2
ENSG00000268621,IGFL2-AS1
ENSG00000106633,GCK
ENSG00000131409,LRRC4B
ENSG00000276368,H2AC14
ENSG00000290615,RAB6C-AS1
ENSG00000211778,TRAV4
ENSG00000272690,LINC02018
ENSG00000275993,LOC102724428
ENSG00000278175,GLIDR
ENSG00000126453,BCL2L12
ENSG00000213085,CFAP45
ENSG00000293636,LOC101929555
ENSG00000112706,IMPG1
ENSG00000237594,TIAM1-AS1
ENSG00000163170,BOLA3
ENSG00000152128,TMEM163
ENSG00000084710,EFR3B
ENSG00000159399,HK2
ENSG00000091656,ZFHX4
ENSG00000101307,SIRPB1
ENSG00000206557,TRIM71
ENSG00000129204,USP6
ENSG00000185686,PRAME
ENSG00000102383,ZDHHC15
