Gene_set,Term,Overlap,P-value,Adjusted P-value,Old P-value,Old Adjusted P-value,Odds Ratio,Combined Score,Genes
GO_Cellular_Component_2023,Collagen-Containing Extracellular Matrix (GO:0062023),108/373,1.5994526023927032e-10,6.013941784996565e-08,0,0,2.1777560951811785,49.12187913009184,ADAMDEC1;SERPINE2;SERPINE1;LOXL4;PLAT;LOXL1;ICAM1;COMP;CDON;TGM2;POSTN;FIBCD1;P3H2;ADAM19;COL4A1;COL4A6;COL8A1;FREM1;MXRA5;FREM2;COL17A1;FBN2;SEMA7A;COL13A1;LTBP4;DPT;FBLN5;APOE;NDP;WNT2;ELANE;COL28A1;FN1;PRG2;COL1A1;COL1A2;CXCL12;COL5A1;COL5A2;OGN;CNTN1;COL9A3;FGF10;FGFR1;SRPX;TINAGL1;TGFB1I1;CTSZ;CTSS;HAPLN1;SERPINA5;ADAMTS4;CTSL;COL10A1;CTSH;CTSF;CTSD;CTSC;CTSB;MYOC;DST;COL25A1;MST1;BGN;NRG1;MMP8;MMP9;DCN;CCNA2;VCAN;ANGPTL7;ANGPTL6;MMRN2;ANGPTL5;COL6A6;COL6A5;ANGPTL1;MATN2;C1QB;ITIH5;C1QA;CSTB;LRRC15;TNXB;ITIH2;LAMA2;COL11A1;C17ORF58;LAMA3;PRELP;COL19A1;THSD4;ACAN;IGFBPL1;NCAM1;CTHRC1;GDF10;ANGPT4;LAMB3;F12;SULF1;MFAP4;COL3A1;COL7A1;MFAP2;MGP;FMOD;C1QC
GO_Cellular_Component_2023,Tertiary Granule (GO:0070820),48/162,9.356216435458268e-06,0.0017589686898661,0,0,2.227280312385276,25.79072461488436,CDA;CSTB;TNFAIP6;CLEC12A;ITGB2;PTAFR;HBB;SLC2A3;FPR2;GPR84;CTSS;PLAU;CLEC5A;TBC1D10C;ITGAX;CTSH;OLR1;NCKAP1L;CTSD;CAMP;LAIR1;CD177;CD53;CHRNB4;FCER1G;SLC11A1;GGH;CYBA;KCNAB2;TMC6;LILRB2;LYZ;MMP8;ILF2;MMP9;OSCAR;CHIT1;DIAPH1;CLEC4C;NFASC;DOK3;RAP2B;QPCT;DSG1;ADAM8;ALDOC;PTPN6;DSC1
GO_Cellular_Component_2023,T Cell Receptor Complex (GO:0042101),11/19,3.7432114107207925e-05,0.00469149163477,0,0,7.234801002820433,73.744193183212,ZAP70;CD4;TRBV19;SYK;TRAT1;CD8A;TRBC2;TRBC1;CD3G;CD3E;CD3D
GO_Cellular_Component_2023,Endoplasmic Reticulum Lumen (GO:0005788),71/284,5.784991160227257e-05,0.0054378916906136,0,0,1.7656765676567656,17.2288692023807,ERO1A;COLGALT2;CTSZ;PCSK9;MYDGF;ADAMTS5;IL12B;COL10A1;CTSC;SGCG;ADAMTS7;IGFBP1;TOR3A;COL25A1;RNASET2;P3H2;PLAUR;PDIA6;PDIA5;CKAP4;F5;TRDN;CCNA2;F8;VCAN;VGF;IL23A;COL4A1;DNAJB11;MZB1;COL4A6;CASQ2;COL8A1;RDH5;COL17A1;ITIH2;COL13A1;COL11A1;PDGFA;TSPAN33;COL19A1;PDGFD;STC2;GPC3;ARSI;APOE;ARSG;APOB;ARSB;TXNDC5;COL28A1;F10;BDNF;COL22A1;TMEM132A;FN1;MANF;COL1A1;BMP4;COL3A1;COL1A2;COL5A1;P4HA1;P4HA3;COL7A1;COL5A2;CALU;COL9A3;HYOU1;CALR;PNPLA2
GO_Cellular_Component_2023,CMG Complex (GO:0071162),7/10,0.00020502419438531567,0.0154178194177757,0,0,12.265519040166929,104.16348004000602,GINS1;GINS2;GINS3;GINS4;MCM4;MCM6;MCM2
GO_Cellular_Component_2023,Ficolin-1-Rich Granule (GO:0101002),48/184,0.0003037153607142155,0.0190328292714241,0,0,1.8645231079115223,15.101555020931327,CFD;CDA;CSTB;PSMD14;TNFAIP6;CTSZ;ITGB2;HBB;SLC2A3;FPR2;CTSS;HK3;PNP;PRDX4;PSMD2;COTL1;TBC1D10C;ITGAX;CTSH;NCKAP1L;CTSD;ARSB;CTSB;HSPA8;ACTR2;FCER1G;GSN;SLC11A1;PRG2;AMPD3;LILRB2;ILF2;MMP9;PSMA5;DIAPH1;CLEC4C;NFASC;DOK3;BIN2;GLB1;QPCT;CAT;DSG1;ADAM8;ALDOC;MNDA;PLEKHO2;DSC1
GO_Cellular_Component_2023,Tertiary Granule Membrane (GO:0070821),23/72,0.0005931963300199328,0.0318631171553563,0,0,2.473034133439472,18.374606848491137,CD53;CHRNB4;FCER1G;CLEC12A;SLC11A1;ITGB2;PTAFR;SLC2A3;CYBA;KCNAB2;TMC6;FPR2;GPR84;LILRB2;CLEC4C;RAP2B;PLAU;CLEC5A;ITGAX;OLR1;ADAM8;LAIR1;CD177
GO_Cellular_Component_2023,Cytoplasmic Side Of Plasma Membrane (GO:0009898),34/124,0.0008488445843785813,0.0398956954657933,0,0,1.9923961840628508,14.08949748465825,BLK;PTPN22;RGS2;RACGAP1;GM2A;RGS1;PALM;AP2S1;PGM5;JAK3;CYTH1;G6PD;CARMIL2;SYK;STAC3;PTK6;KCNAB2;TRAF1;PLEKHA4;LILRB4;FRMD1;FGR;TIAM1;HCK;ZAP70;FRMD6;PTPRC;LCK;DSG1;PTPN7;FERMT2;MYD88;CDK16;GCOM1
GO_Cellular_Component_2023,Tertiary Granule Lumen (GO:1904724),18/53,0.0010227346797177,0.0427275821748741,0,0,2.707591529073941,18.64251275478408,CDA;CSTB;TNFAIP6;HBB;GGH;MMP8;LYZ;ILF2;MMP9;CTSS;OSCAR;CHIT1;QPCT;CTSH;ALDOC;PTPN6;CTSD;CAMP
GO_Cellular_Component_2023,Lysosomal Lumen (GO:0043202),25/86,0.0016242300471889,0.0520822312341966,0,0,2.159089149986842,13.86722807215479,PRELP;IFI30;CTSS;GM2A;CTSL;GPC3;CTSF;APOB;CTSD;ARSB;CTSB;TXNDC5;CTSA;HSPA8;BGN;KERA;DCN;VCAN;GLB1;OGN;SDC1;MAN2B1;HPSE;FMOD;LGMN
GO_Cellular_Component_2023,Voltage-Gated Sodium Channel Complex (GO:0001518),5/7,0.0016562021856399,0.0520822312341966,0,0,13.134188301532689,84.10120409814617,SCN4A;SCN5A;SCN3B;SCN4B;SCN2B
GO_Cellular_Component_2023,Endocytic Vesicle Membrane (GO:0030666),40/159,0.0019286503164151,0.0520822312341966,0,0,1.7730507762877448,11.083224868142455,CAMK2B;GRIA2;TFRC;HVCN1;CAMK2A;STAB2;TGFA;CD3G;LRP2;CD3D;PIP4P2;RAC2;AP2S1;APOE;CD36;APOB;FCGR1A;HLA-DQA2;GRIA3;WLS;GRIA4;HLA-DPA1;MSR1;ATP6V0B;SLC11A1;CAV1;AVPR2;ENTPD7;TAP1;CYBA;MARCO;CD4;NOSTRIN;HLA-DRA;CALR;CLEC4E;IL7R;ATP6V0D2;HLA-DQB2;VAMP2
GO_Cellular_Component_2023,Specific Granule (GO:0042581),40/159,0.0019286503164151,0.0520822312341966,0,0,1.7730507762877448,11.083224868142455,CLEC12A;HVCN1;CTSZ;ITGB2;PTPRJ;SLC2A3;FPR2;GPR84;ITGAL;SLC2A5;MMP24;PLAU;CLEC5A;OLR1;CD36;CTSD;ELANE;CAMP;LAIR1;CD177;CD53;CHRNB4;AOC1;PLAUR;GGH;CYBA;KCNAB2;TMC6;LYZ;MMP8;ILF2;CKAP4;OSCAR;CHIT1;RAP2B;QPCT;ADAM8;PTPN6;HPSE;DOCK2
GO_Cellular_Component_2023,Alpha-Beta T Cell Receptor Complex (GO:0042105),6/10,0.0019599380645635,0.0520822312341966,0,0,7.882040050062578,49.14327754953787,TRBV19;TRBC2;TRBC1;CD3G;CD3E;CD3D
GO_Cellular_Component_2023,Spindle (GO:0005819),50/210,0.0020777485864706,0.0520822312341966,0,0,1.6495479060913705,10.188383785413937,BUB1B;KIF11;CDC20;FBXO5;DLGAP5;CKAP2L;CD180;CKAP2;KIF23;TUBG2;HASPIN;KNSTRN;EML4;ANKFN1;TUBB2B;ESPL1;KIFC1;EFHC1;JTB;KIF2C;KIF20A;MAD1L1;TTK;WDR62;HMMR;SKA3;SKA1;AURKB;AURKA;RACGAP1;ECT2;SPAG5;TRAT1;PLK1;DCDC2;CDC7;CDC6;PYCR3;TUBB4A;DCDC1;TPX2;CENPE;DIAPH1;CENPF;PRC1;KIF4A;TACC3;CDK1;PTPN7;MAD2L1
GO_Cellular_Component_2023,External Side Of Apical Plasma Membrane (GO:0098591),4/5,0.0028601417164439,0.0603370960086599,0,0,21.0093808630394,123.04950881526877,ABCC4;SLC7A5;LCT;ABCG2
GO_Cellular_Component_2023,Serine Protease Inhibitor Complex (GO:0097180),4/5,0.0028601417164439,0.0603370960086599,0,0,21.0093808630394,123.04950881526877,PLAU;SERPINE1;PLAT;SERPINA5
GO_Cellular_Component_2023,Ficolin-1-Rich Granule Lumen (GO:1904813),32/123,0.0029697246666563,0.0603370960086599,0,0,1.853308836274136,10.784934230017804,CFD;CDA;CSTB;PSMD14;TNFAIP6;CTSZ;HBB;CTSS;HK3;PNP;PRDX4;PSMD2;COTL1;CTSH;CTSD;ARSB;CTSB;HSPA8;ACTR2;GSN;PRG2;AMPD3;ILF2;MMP9;PSMA5;BIN2;GLB1;QPCT;CAT;ALDOC;MNDA;PLEKHO2
GO_Cellular_Component_2023,Mitotic Spindle (GO:0072686),36/143,0.003106751274864,0.0603370960086599,0,0,1.7737408564124666,10.241894907411991,WDR62;KIF11;SKA3;SKA1;AURKA;RACGAP1;ECT2;DLGAP5;SPAG5;CKAP2L;TRAT1;CD180;CKAP2;DCDC2;CDC7;KIF23;CDC6;PYCR3;KNSTRN;TUBB4A;DCDC1;EML4;DIAPH1;TPX2;CENPE;KIF18A;TUBB2B;KIF18B;ESPL1;KIFC1;CDK1;EFHC1;TACC3;PTPN7;MAD1L1;MAD2L1
GO_Cellular_Component_2023,Specific Granule Membrane (GO:0035579),25/90,0.0032094200004606,0.0603370960086599,0,0,2.0257378755962328,11.631108347362783,CLEC12A;HVCN1;ITGB2;PTPRJ;SLC2A3;FPR2;GPR84;ITGAL;SLC2A5;MMP24;PLAU;CLEC5A;OLR1;CD36;LAIR1;CD177;CD53;CHRNB4;PLAUR;CYBA;KCNAB2;TMC6;CKAP4;RAP2B;ADAM8
GO_Cellular_Component_2023,Sodium Channel Complex (GO:0034706),8/18,0.0041193138996087,0.0737553345834715,0,0,4.204884157795867,23.09351249653436,GRIK5;GRIK3;SCN4A;SCN5A;SCN2A;SCN3B;SCN4B;SCN2B
GO_Cellular_Component_2023,Sarcolemma (GO:0042383),16/52,0.0058165941818288,0.0994108823803467,0,0,2.3382855548580594,12.035250172359442,SYNM;CCDC78;CAV2;CAV1;DYSF;SLC2A1;SLC2A4;SLC2A5;SGCZ;RYR3;NOS1AP;FXYD1;SSPN;PGM5;SCN5A;SGCG
GO_Cellular_Component_2023,Nuclear Chromosome (GO:0000228),25/95,0.0068599962427349,0.1121460255334056,0,0,1.8804802374207477,9.36864352977388,TOP2A;BLM;IHO1;NCAPG2;NCAPG;SMC4;MACROH2A1;NCAPH;TFPT;CDC45;CHEK1;RCC1;SHOC1;GINS1;H2AZ1;GINS2;GINS3;GINS4;BAZ1A;SMC1A;RAD51;BIRC5;MCM4;MCM6;MCM2
GO_Cellular_Component_2023,Condensed Nuclear Chromosome (GO:0000794),10/28,0.0088784076594863,0.1315912202468793,0,0,2.9204956836535785,13.796810198126805,IHO1;RAD51;NCAPG2;CHEK1;NCAPG;RCC1;SHOC1;SMC1A;SMC4;NCAPH
GO_Cellular_Component_2023,Dendrite Membrane (GO:0032590),10/28,0.0088784076594863,0.1315912202468793,0,0,2.9204956836535785,13.796810198126805,LAMP5;SGCE;KCNC2;KCNB1;GPER1;KCNC4;THY1;FOXM1;SHISA8;GABRG1
GO_Cellular_Component_2023,Secretory Granule Membrane (GO:0030667),60/279,0.0090993928894118,0.1315912202468793,0,0,1.4456371040171605,6.793840358272901,PIGR;MOXD1;SIGLEC9;ITGB2;LPCAT1;PTPRJ;SLC2A3;ITGAL;SLC2A5;SIRPB1;SERPINA5;MMP24;PLAU;CLEC5A;CA4;TBC1D10C;ITGAX;OLR1;CD36;SGCG;CD177;CD53;ABCC4;CHRNB4;FCER1G;MME;SLC11A1;NFAM1;PLAUR;CYBA;TMC6;KCNAB2;SYTL4;CKAP4;CLEC4C;RAP2B;DOK3;RAB31;TYROBP;DSG1;ADAM8;DSC1;VAMP2;CLEC12A;HVCN1;PTAFR;C5AR1;ITPR1;FPR2;GPR84;NCKAP1L;LAIR1;ABCA3;LILRB2;LILRB3;DIAPH1;NFASC;PTPRC;SELL;RAB9B
GO_Cellular_Component_2023,Polymeric Cytoskeletal Fiber (GO:0099513),57/265,0.0107439610382345,0.1496196055694881,0,0,1.445563776446129,6.553335370269248,SYNM;KIF14;LMOD1;KIF12;KIF11;ARHGAP6;KIF15;TUBA1C;PSTPIP1;KIF5C;KIF5A;RAC2;COTL1;KIF21A;KIF21B;KIF1A;KRT6A;DYNC2H1;TMOD1;KRT4;DST;TPM2;KIF23;TUBG2;KCNAB2;EML4;HCK;TUBB2B;KIFC1;GAS2;KIF2C;KIF20A;MAPT;LCP1;TRIM55;SPTBN4;WAS;PPL;CORO1A;MAP6;FSD1;MISP;CCT5;PRPH;MICAL2;DCDC2;ACTL8;TUBB4A;GFAP;CCT6A;CENPE;DIAPH1;BFSP2;DIAPH3;CDK5;KRT14;EPPK1
GO_Cellular_Component_2023,Endocytic Vesicle Lumen (GO:0071682),8/21,0.0122529958786837,0.1645402303708957,0,0,3.2339482683878424,14.235791154954306,HSPH1;CTSL;SAA1;HBB;HYOU1;APOE;CALR;APOB
GO_Cellular_Component_2023,Intracellular Organelle Lumen (GO:0070013),161/856,0.0139670891002362,0.1810905345409947,0,0,1.2266804511011382,5.239215374978934,ERO1A;DMGDH;CDA;PROS1;NUDT1;TP53AIP1;PNP;PSMD2;PDK4;COTL1;IL12B;PDK1;IGFBP1;TOR3A;GPT2;P3H2;KERA;HOGA1;ILF2;PDIA6;PDIA5;OSCAR;CHIT1;BIN2;MTHFD2;SCO2;IL23A;COL4A1;BOLA3;DNAJB11;COL4A6;COL8A1;COL17A1;CFD;COL13A1;PSMD14;PDGFA;CCNB1;HSPH1;PRDX4;PDGFD;STC2;ARSI;APOE;ARSG;APOB;ARSB;TXNDC5;COL28A1;HSPA8;MUC16;BDNF;ADHFE1;TMEM132A;PDE2A;IDH2;FN1;PRG2;GGH;PYCR1;LYZ;MANF;COL1A1;BMP4;COL1A2;COL5A1;P4HA1;P4HA3;OGN;COL5A2;CALU;CDK1;SDC1;HYOU1;COL9A3;PYROXD2;CALR;ARHGAP11B;COLGALT2;TNFAIP6;CTSZ;PCSK9;HBB;CTSS;DHTKD1;MYDGF;ADAMTS5;HK3;CTSL;CTSH;COL10A1;ME3;ME2;MUC15;TK1;ACADS;CTSD;AASS;CAMP;CTSC;SGCG;CTSB;ADAMTS7;ACTR2;COL25A1;RNASET2;MARS2;RHBDF2;BGN;PLAUR;DARS2;TFB2M;AMPD3;MMP8;MMP9;CKAP4;DCN;F5;PSMA5;CCNA2;MMP11;F8;VCAN;VGF;CAT;MZB1;FASTKD5;RDH5;ALDOC;PLEKHO2;CSTB;ITIH2;COL11A1;PRELP;TSPAN33;COL19A1;HSPD1;ACAN;MTHFD1L;GPC3;PDSS1;BCO2;GSN;F10;AADAT;COL22A1;GSR;HSPE1;ETNPPL;GARS1;COL3A1;KRT17;GLB1;COL7A1;QPCT;SAA1;PTPN6;MNDA;NAGS;FMOD;PNPLA2
GO_Cellular_Component_2023,Extrinsic Component Of Cytoplasmic Side Of Plasma Membrane (GO:0031234),20/77,0.0167923945024942,0.2039369173272246,0,0,1.846019826435983,7.544367736477517,BLK;CARMIL2;SYK;STAC3;PTK6;KCNAB2;PLEKHA4;FGR;HCK;TIAM1;ZAP70;RACGAP1;RGS1;LCK;JAK3;CYTH1;FERMT2;MYD88;GCOM1;CDK16
GO_Cellular_Component_2023,Membrane Raft (GO:0045121),38/169,0.0168139479711275,0.2039369173272246,0,0,1.5280348577990948,6.24285746615516,SELPLG;AHNAK;ITGB2;THY1;CD79A;PGK1;CD36;CTSD;NTSR1;PAG1;CD177;MME;CAVIN1;CAV2;CAVIN2;CAV1;NFAM1;ARID3A;SORBS1;SULF1;LAX1;CLIP3;ZAP70;CD4;PTPRC;RAP2B;CD8A;LCK;BTK;CD226;CD48;LCP2;MAPT;TLR6;IL6ST;MS4A1;CARD11;ABCG2
GO_Cellular_Component_2023,Endocytic Vesicle (GO:0030139),43/196,0.0175220985846567,0.2058846583697171,0,0,1.4808504387298869,5.988992202166165,CAMK2B;GRIA2;CEMIP;CAMK2A;STAB2;DYSF;LPAR2;HBB;NOD2;CORO1A;CTSS;RINL;HSPH1;CTSL;AP2S1;CTLA4;APOE;CD36;APOB;HLA-DQA2;ABCD1;RAB11FIP4;GRIA3;WLS;HLA-DPA1;GRIA4;MSR1;CAV1;AVPR2;ENTPD7;DAB2IP;SCIMP;EHD2;MARCO;RAB31;NOSTRIN;SAA1;HCLS1;HLA-DRA;HYOU1;CALR;HLA-DQB2;RAB9B
GO_Cellular_Component_2023,Cyclin-Dependent Protein Kinase Holoenzyme Complex (GO:0000307),12/40,0.0194279275134599,0.22136062863821,0,0,2.253022839229736,8.879261433924185,CCNA2;CCNB2;CCNB1;CDK5;CCNE1;CCNF;CDK1;CKS2;CKS1B;CDK16;CDK5R1;MCM2
GO_Cellular_Component_2023,Calcium Channel Complex (GO:0034704),16/59,0.0205478835767394,0.2213649891544532,0,0,1.9568168878377787,7.602228389069066,CACNA2D1;MCUB;STAC3;CACNA2D2;PKD2L1;CACNA1F;CACNA1E;RYR3;CACNA1G;CASQ2;CACHD1;MICU3;SCN4A;SCN5A;SCN2A;SCN3A
GO_Cellular_Component_2023,Microfibril (GO:0001527),5/11,0.0207668313422037,0.2213649891544532,0,0,4.377020123032009,16.958318938944625,FBN2;MFAP4;MFAP2;LTBP4;THSD4
GO_Cellular_Component_2023,Vacuolar Lumen (GO:0005775),36/161,0.0211945202381923,0.2213649891544532,0,0,1.5166847757422617,5.845322251175861,GRN;PRELP;IFI30;CTSS;GM2A;CTSL;GPC3;PSMD1;CTSF;APOB;CTSD;ARSB;ELANE;CTSC;TXNDC5;CTSA;HSPA8;ACTR2;RNASET2;BGN;GGH;KERA;LYZ;UNC13D;DCN;ARHGAP45;VCAN;GLB1;OGN;SDC1;MAN2B1;MNDA;HPSE;FMOD;FTL;LGMN
GO_Cellular_Component_2023,MHC Class II Protein Complex (GO:0042613),6/15,0.0227372183798995,0.2310593002930333,0,0,3.5020859407592826,13.251025106011133,HLA-DMB;HLA-DRA;HLA-DOB;HLA-DQA2;HLA-DQB2;HLA-DPA1
GO_Cellular_Component_2023,Condensed Chromosome (GO:0000793),16/60,0.0239746775046235,0.2372231247825913,0,0,1.9122296410432005,7.134064328552315,IHO1;NCAPG2;NCAPG;SMC6;MKI67;SMC1A;SMC4;CENPA;NCAPH;SGO1;CENPE;RAD51;FANCD2;CHEK1;RCC1;SHOC1
GO_Cellular_Component_2023,Clathrin-Coated Vesicle Membrane (GO:0030665),22/90,0.024937586435378,0.2404239102487733,0,0,1.7020902700702922,6.28306048032715,HSPA8;TFRC;AVPR2;TGFA;CD3G;RASSF9;LRP2;CD3D;CD4;AP2S1;HLA-DRA;ENTHD1;SLC17A7;MYCBPAP;APOE;APOB;FCGR1A;IL7R;HLA-DQA2;HLA-DQB2;VAMP2;HLA-DPA1
GO_Cellular_Component_2023,Endolysosome (GO:0036019),9/28,0.0261776859860595,0.2460702482689601,0,0,2.4891786308866437,9.067699175685702,TASL;CTSL;AP2S1;PCSK9;TLR8;NRG1;CTSS;CTSB;LGMN
GO_Cellular_Component_2023,Actin Filament (GO:0005884),18/71,0.0284365595984499,0.2607840587565166,0,0,1.786112164596568,6.358701573161401,TMOD1;SPTBN4;TPM2;LMOD1;WAS;MICAL2;ARHGAP6;CORO1A;ACTL8;HCK;DIAPH1;PSTPIP1;DIAPH3;COTL1;RAC2;GAS2;LCP1;MISP
GO_Cellular_Component_2023,Podosome (GO:0002102),5/12,0.0309902168536421,0.2774362270707008,0,0,3.7515081102819607,13.03305321262888,GSN;BIN2;LPXN;LCP1;FERMT3
GO_Cellular_Component_2023,Sarcoglycan Complex (GO:0016012),3/5,0.0317943008211807,0.2780152815991618,0,0,7.875586120662707,27.15870848813117,SGCE;SGCZ;SGCG
GO_Cellular_Component_2023,Secretory Granule Lumen (GO:0034774),63/316,0.0355013385737529,0.3033750750847975,0,0,1.3124884312745304,4.3813290323983045,ARHGAP9;CDA;PROS1;SERPINE1;CTSZ;HK3;PNP;GM2A;PSMD2;COTL1;PSMD1;CTSH;CTSD;CAMP;CTSC;SGCG;ACTR2;RNASET2;NRG1;AMPD3;MMP8;ILF2;UNC13D;F5;ARHGAP45;OSCAR;CHIT1;PSMA5;FGR;F8;BIN2;CAT;ALDOC;DOCK2;FTL;CFD;CSTB;GRN;PSMD14;PDGFA;PRDX4;ARSB;ELANE;S100A11;TXNDC5;CTSA;HSPA8;AOC1;GSN;FN1;IGF2;GGH;VEGFD;LYZ;CYRIB;GLB1;QPCT;MAN2B1;MNDA;PTPN6;S100P;HPSE;FERMT3
GO_Cellular_Component_2023,Clathrin-Coated Endocytic Vesicle Membrane (GO:0030669),17/68,0.0369064175425148,0.3083736221330133,0,0,1.7526949241234957,5.782788746689481,TFRC;AVPR2;TGFA;CD3G;LRP2;CD3D;CD4;AP2S1;HLA-DRA;APOE;APOB;FCGR1A;IL7R;HLA-DQA2;HLA-DQB2;VAMP2;HLA-DPA1
GO_Cellular_Component_2023,Voltage-Gated Calcium Channel Complex (GO:0005891),13/49,0.0409726249910452,0.3349066738398478,0,0,1.89806975366712,6.064050275347747,CATSPER1;CATSPER2;CACNA2D1;STAC3;CACNA2D2;CACNA1F;CACNA1E;CACNA1G;CACHD1;SCN4A;SCN5A;SCN2A;SCN3A
GO_Cellular_Component_2023,Actin Cytoskeleton (GO:0015629),64/327,0.0477432131933457,0.3759543639495998,0,0,1.282258201319772,3.900524757461237,LAD1;ONECUT2;FAM107A;LMOD1;SLC2A1;PKD2L1;FMN2;ARHGAP6;MYLK;LIMD2;RND1;SAMD14;PSTPIP1;CFL2;RAC2;COTL1;MYOZ3;KNTC1;TMOD1;ACTR3;ACTR2;DAPK1;TPM2;DENND2A;FGR;CLDN5;HCK;BIN2;GAS2;ADAM8;LCP1;RAPGEF3;GCOM1;SPTBN4;CD274;PLEKHH2;AHNAK;SYNPO2;WAS;PDXP;CORO1A;BARX2;CNN1;ABL2;LPXN;RGS22;MISP;GBP1;CARMIL2;FYB1;GSN;MICAL2;ACTL8;CORO2B;EFR3B;ANLN;DIAPH1;DIAPH3;PARVG;ARPC3;SPRY2;MYO1F;FERMT3;MYO1G
GO_Cellular_Component_2023,Ficolin-1-Rich Granule Membrane (GO:0101003),15/60,0.0479941741212255,0.3759543639495998,0,0,1.7522225708607886,5.320931610659883,FCER1G;SLC11A1;ITGB2;SLC2A3;FPR2;LILRB2;DIAPH1;CLEC4C;NFASC;DOK3;ITGAX;TBC1D10C;DSG1;NCKAP1L;DSC1
GO_Cellular_Component_2023,Specific Granule Lumen (GO:0035580),15/61,0.0545747685987673,0.4135951583921471,0,0,1.7140284580019371,4.984709479971995,AOC1;CTSZ;GGH;MMP8;LYZ;ILF2;OSCAR;CHIT1;QPCT;PTPN6;HPSE;DOCK2;CTSD;CAMP;ELANE
GO_Cellular_Component_2023,Dystroglycan Complex (GO:0016011),3/6,0.0560993432925518,0.4135951583921471,0,0,5.250078149421694,15.123538775480128,SGCE;SGCZ;SGCG
GO_Cellular_Component_2023,Low-Density Lipoprotein Particle (GO:0034362),3/6,0.0560993432925518,0.4135951583921471,0,0,5.250078149421694,15.123538775480128,APOE;APOB;PLA2G7
GO_Cellular_Component_2023,Plasma Membrane Raft (GO:0044853),19/82,0.0574395639469528,0.4153322316164285,0,0,1.5856310059891587,4.530182581931059,SELPLG;CAVIN1;IRS1;CAV2;CAVIN2;CAV1;ITGB2;LRP8;HCK;EHD2;KIF18A;CD8A;NOS1AP;FXYD1;LCP2;CD36;SCN5A;MS4A1;CD177
GO_Cellular_Component_2023,Postsynaptic Specialization Membrane (GO:0099634),10/38,0.071388531527826,0.506454487820049,0,0,1.876342642320086,4.952827898016757,GRIA2;NLGN1;NETO1;GRIK5;GRIK3;SYNDIG1;GRIK1;GRIN2B;GRIA3;GRIA4
GO_Cellular_Component_2023,Excitatory Synapse (GO:0060076),7/24,0.0764653650040396,0.5315226251618057,0,0,2.162699070238424,5.5601206397453335,GRIA2;NLGN1;NLGN4X;NETO1;ITGA3;SYNDIG1;SLC17A7
GO_Cellular_Component_2023,Clathrin-Coated Endocytic Vesicle (GO:0045334),19/85,0.0777493201699449,0.5315226251618057,0,0,1.5132855415607536,3.865333007716122,CEMIP;TFRC;AVPR2;TGFA;CD3G;LRP2;CD3D;CD4;AP2S1;CTLA4;HLA-DRA;APOE;APOB;FCGR1A;IL7R;HLA-DQA2;HLA-DQB2;VAMP2;HLA-DPA1
GO_Cellular_Component_2023,Postsynaptic Density Membrane (GO:0098839),9/34,0.0820908201591486,0.5511812210685697,0,0,1.891099279674288,4.727614085633506,GRIA2;NETO1;GRIK5;GRIK3;SYNDIG1;GRIK1;GRIN2B;GRIA3;GRIA4
GO_Cellular_Component_2023,Microtubule (GO:0005874),37/185,0.0855922701286496,0.5623072038553873,0,0,1.3151658767772512,3.232888549032632,KIF14;KIF12;KIF11;SKA3;SKA1;AURKB;KIF15;AURKA;TUBA1C;KIF5C;KIF5A;MAP6;KIF21A;KIF21B;KIF1A;FSD1;CCT5;DYNC2H1;PLK1;DCDC2;KIF23;KCNAB2;TUBG2;TUBB4A;EML4;CCT6A;CENPE;TUBB2B;CDK5;KIFC1;PRC1;KIF4A;CDK1;KIF2C;KIF20A;MAPT;TRIM55
GO_Cellular_Component_2023,Bicellular Tight Junction (GO:0005923),18/81,0.0882343750730528,0.5623072038553873,0,0,1.5017049533381193,3.645777192979152,AOC1;FRMPD2;MAGI2;WNK4;CLDN11;CLDN5;CHAF1B;RAP2B;CLMP;SH3BP1;CLDN14;EPCAM;CLDN19;AMOTL2;EPPK1;ECT2;MPDZ;CYTH1
GO_Cellular_Component_2023,Potassium Channel Complex (GO:0034705),18/81,0.0882343750730528,0.5623072038553873,0,0,1.5017049533381193,3.645777192979152,CNTNAP2;KCNJ6;KCNC2;KCNB1;KCNIP2;GRIK5;KCNA1;KCNIP3;KCNC4;KCNA2;GRIK3;KCNA3;KCNJ16;GRIK1;KCNAB2;DPP6;KCNMB1;HCN2
GO_Cellular_Component_2023,Endosome Lumen (GO:0031904),7/25,0.0921536778103936,0.5723222326313426,0,0,2.0424274039297514,4.869754930021134,CTSL;IL12B;APOB;PDLIM4;CTSS;CTSB;LGMN
GO_Cellular_Component_2023,Phagocytic Vesicle Membrane (GO:0030670),11/45,0.0943722830402745,0.5723222326313426,0,0,1.6996700278356407,4.012084461479971,PIP4P2;ATP6V0B;RAB31;HVCN1;SLC11A1;RAC2;TAP1;CYBA;CALR;CLEC4E;ATP6V0D2
GO_Cellular_Component_2023,Sarcoplasmic Reticulum (GO:0016529),11/45,0.0943722830402745,0.5723222326313426,0,0,1.6996700278356407,4.012084461479971,JPH2;GSTM2;JSRP1;CCDC78;CMYA5;NOS1AP;ATP2A3;ITPR1;CASQ2;RYR3;TRDN
GO_Cellular_Component_2023,MHC Protein Complex (GO:0042611),6/21,0.1061599427977888,0.6335894998725176,0,0,2.100500625782228,4.711020506079405,HLA-DMB;HLA-DRA;HLA-DOB;HLA-DQA2;HLA-DQB2;HLA-DPA1
GO_Cellular_Component_2023,Supramolecular Fiber (GO:0099512),9/36,0.1101471345855739,0.6387691116807548,0,0,1.750809061488673,3.862176624346641,FBN2;MYH7B;MFAP4;MFAP2;LTBP4;MYH11;CTPS1;FBLN5;THSD4
GO_Cellular_Component_2023,Caveola (GO:0005901),14/62,0.1104509603199056,0.6387691116807548,0,0,1.5324393559180258,3.376245340535029,CAVIN1;IRS1;CAV2;CAVIN2;CAV1;SORBS1;LRP8;HCK;EHD2;KIF18A;NOS1AP;FXYD1;CD36;SCN5A
GO_Cellular_Component_2023,Phagocytic Vesicle (GO:0045335),21/100,0.1121243653482176,0.6387691116807548,0,0,1.397136478855865,3.057139462260562,ATP6V0B;NCF1;SYK;NCF2;SLC11A1;HVCN1;TAP1;CYBA;NOD2;CORO1A;SCIMP;CTSS;PIP4P2;RAB31;RAC2;ADAM8;CALR;CD36;CLEC4E;ATP6V0D2;RAB9B
GO_Cellular_Component_2023,NADPH Oxidase Complex (GO:0043020),5/17,0.122531025643907,0.6499923197276545,0,0,2.18772807840684,4.592896661231061,NCF1;NCF2;NOXA1;RAC2;NOX4
GO_Cellular_Component_2023,Protein Kinase Complex (GO:1902911),5/17,0.122531025643907,0.6499923197276545,0,0,2.18772807840684,4.592896661231061,IRS1;INSRR;NEK10;IKBKE;IGF1R
GO_Cellular_Component_2023,Chylomicron (GO:0042627),3/8,0.1227379114379347,0.6499923197276545,0,0,3.149671772428884,6.607079070402228,APOC1;APOE;APOB
GO_Cellular_Component_2023,Junctional Sarcoplasmic Reticulum Membrane (GO:0014701),3/8,0.1227379114379347,0.6499923197276545,0,0,3.149671772428884,6.607079070402228,JPH2;CASQ2;TRDN
GO_Cellular_Component_2023,Outer Dynein Arm (GO:0036157),3/8,0.1227379114379347,0.6499923197276545,0,0,3.149671772428884,6.607079070402228,DNAH17;DNAH8;DNAH5
GO_Cellular_Component_2023,Microtubule Cytoskeleton (GO:0015630),63/342,0.12557882439838,0.6558005274137627,0,0,1.1883073508103053,2.465525800153473,KIF14;BUB1B;KIF12;KIF11;KIF15;CDC20;TUBA1C;KIF5C;KIF5A;KIF21A;FBXO5;KIF21B;KIF1A;GTSE1;DYNC2H1;DST;CKAP2L;CKAP2;KIF23;TUBG2;KCNAB2;HASPIN;EML4;ANKFN1;TUBB2B;KIFC1;JTB;BIRC5;KIF2C;KIF20A;MAPT;GAPDH;MAD1L1;TRIM55;CDCA8;TTK;HMMR;SKA1;AURKB;AURKA;CCNB2;RACGAP1;MAP6;FSD1;CCT5;ENKD1;SEPTIN1;PLK1;SEPTIN6;DCDC2;TUBB4A;CCT6A;EHD2;TPX2;CENPE;CENPF;KIF18A;TTLL3;CDK5;PRC1;SPRY2;PTPN7;CDK16
GO_Cellular_Component_2023,Lytic Vacuole (GO:0000323),42/223,0.1439301367388283,0.7220371322846583,0,0,1.2202147003286945,2.3652974365481927,GRN;TINAGL1;PDE1C;CTSZ;PCSK9;CXCR4;TMEM97;LRP2;IFI30;CST7;CTSS;CTSL;CTSH;ARSG;CTSF;CD34;CTSD;HLA-DOB;ARSB;CTSC;CTSB;CTSA;HSPA8;USP6;SLC11A1;RNASET2;LAPTM5;PRSS16;EPDR1;PLAAT3;GRIN2B;UNC13D;GFAP;HCK;MFHAS1;HLA-DRA;MAN2B1;HPSE;OCIAD2;ADA;RAB9B;LGMN
GO_Cellular_Component_2023,Ionotropic Glutamate Receptor Complex (GO:0008328),8/33,0.1462926302015534,0.7220371322846583,0,0,1.680450845335003,3.2300724533159317,GRIA2;GRIK5;GRIK3;GRIK1;GRIN2B;SHISA8;GRIA3;GRIA4
GO_Cellular_Component_2023,Cytoplasmic Vesicle Lumen (GO:0060205),23/115,0.1487789958842085,0.7220371322846583,0,0,1.313777917584146,2.503132294591695,CFD;ARHGAP9;CDA;HSPA8;CSTB;GSN;PSMD14;AMPD3;ARHGAP45;FGR;PSMA5;HK3;PNP;PRDX4;BIN2;PSMD2;CAT;COTL1;CTSH;ALDOC;S100P;S100A11;SGCG
GO_Cellular_Component_2023,Heterochromatin (GO:0000792),11/49,0.1501620212172637,0.7220371322846583,0,0,1.5203945306701414,2.8827294941831934,H2AZ1;HELLS;UHRF1;CDKN2A;CBX2;BEND3;HMGA1;IKZF1;BAZ1A;MACROH2A1;WDR76
GO_Cellular_Component_2023,Tight Junction (GO:0070160),19/93,0.153015801626965,0.7220371322846583,0,0,1.3490417844800502,2.5324402381553304,AOC1;FRMPD2;MAGI2;WNK4;CLDN11;CLDN5;CHAF1B;RAP2B;CLMP;SH3BP1;CLDN14;EPCAM;CLDN19;AMOTL2;EPPK1;ECT2;MPDZ;CYTH1;JAM2
GO_Cellular_Component_2023,Serine/Threonine Protein Kinase Complex (GO:1902554),13/60,0.1535582478853055,0.7220371322846583,0,0,1.4528865848695316,2.7222377352058,DAPK1;CCNF;CKS1B;CCNA2;CCNB2;ACVR1C;CDK5;CKS2;CDK1;IKBKE;MCM2;CDK16;CDK5R1
GO_Cellular_Component_2023,Transport Vesicle Membrane (GO:0030658),13/60,0.1535582478853055,0.7220371322846583,0,0,1.4528865848695316,2.7222377352058,SEC13;SEC24A;TGFA;RASSF9;CA4;HLA-DRA;SLC17A7;SEC24D;HLA-DQA2;FOLR1;HLA-DQB2;VAMP2;HLA-DPA1
GO_Cellular_Component_2023,Lipid Droplet (GO:0005811),17/82,0.1543019626857422,0.7220371322846583,0,0,1.3740417823934308,2.5678694656376906,EDA;RSAD2;CAV1;HILPDA;LPCAT1;G0S2;HSD17B13;ACSL3;CKAP4;CIDEC;CLDN11;LIPE;FABP4;IRAK1;GAPDH;PLIN5;PNPLA2
GO_Cellular_Component_2023,Cortical Actin Cytoskeleton (GO:0030864),10/44,0.1555452332847269,0.7220371322846583,0,0,1.544670499778859,2.874351751901598,SPTBN4;CLDN5;PLEKHH2;GSN;SLC2A1;COTL1;CORO1A;MISP;RAPGEF3;GCOM1
GO_Cellular_Component_2023,"Condensed Chromosome, Centromeric Region (GO:0000779)",3/9,0.1630730630548627,0.738740622995523,0,0,2.6245701781806816,4.759807458543457,SGO1;CENPE;CENPA
GO_Cellular_Component_2023,Sodium:Potassium-Exchanging ATPase Complex (GO:0005890),3/9,0.1630730630548627,0.738740622995523,0,0,2.6245701781806816,4.759807458543457,FXYD1;ATP1A2;ATP1B2
GO_Cellular_Component_2023,Azurophil Granule Lumen (GO:0035578),18/89,0.171891289283869,0.760019841591551,0,0,1.3318617736570175,2.3452661288556205,CTSA;ACTR2;GRN;RNASET2;GGH;LYZ;UNC13D;ARHGAP45;GM2A;GLB1;PSMD1;MAN2B1;MNDA;CTSC;ARSB;ELANE;FTL;TXNDC5
GO_Cellular_Component_2023,Apical Junction Complex (GO:0043296),21/106,0.1731222194885285,0.760019841591551,0,0,1.2980490781663183,2.2764632580259407,AOC1;FRMPD2;MAGI2;WNK4;SORBS1;CLDN11;CLDN5;CHAF1B;AJM1;RAP2B;CLMP;SAPCD2;SH3BP1;CLDN14;EPCAM;CLDN19;AMOTL2;EPPK1;ECT2;MPDZ;CYTH1
GO_Cellular_Component_2023,Voltage-Gated Potassium Channel Complex (GO:0008076),15/73,0.1821039135995832,0.760019841591551,0,0,1.3584280969022862,2.3136445788899684,CNTNAP2;KCNJ6;KCNC2;KCNB1;KCNIP2;KCNA1;KCNIP3;KCNC4;KCNA2;KCNA3;KCNJ16;KCNAB2;DPP6;KCNMB1;HCN2
GO_Cellular_Component_2023,Alveolar Lamellar Body (GO:0097208),2/5,0.1836631200680544,0.760019841591551,0,0,3.4989583333333334,5.9295169777317165,LAMP3;CTSH
GO_Cellular_Component_2023,Gamma-Delta T Cell Receptor Complex (GO:0042106),2/5,0.1836631200680544,0.760019841591551,0,0,3.4989583333333334,5.9295169777317165,CD3G;CD3E
GO_Cellular_Component_2023,Sex Chromosome (GO:0000803),2/5,0.1836631200680544,0.760019841591551,0,0,3.4989583333333334,5.9295169777317165,SMC6;MACROH2A1
GO_Cellular_Component_2023,Uniplex Complex (GO:1990246),2/5,0.1836631200680544,0.760019841591551,0,0,3.4989583333333334,5.9295169777317165,MCUB;MICU3
GO_Cellular_Component_2023,Axon (GO:0030424),38/205,0.1839409723000828,0.760019841591551,0,0,1.1960491154227575,2.0250790484730508,RET;CNTNAP2;ROBO4;HEPACAM;KCNC2;KCNC4;PTPRO;KCNA2;GRIK3;KCNA3;LRP2;IGF1R;CALCR;GPER1;BOC;MAP6;KIF1A;EPHB2;DRD2;PRPH;NTRK1;NTRK2;MME;KCNB1;STAT1;INSRR;DAB2IP;SYT8;CLDN11;GARS1;NFASC;CDK5;CNTN1;MAPT;CNTN4;SCN2A;HCN2;CDK5R1
GO_Cellular_Component_2023,Spindle Microtubule (GO:0005876),14/68,0.1905235567804107,0.7679097194664761,0,0,1.361680375482132,2.257638058803231,ZWILCH;PLK1;KIF11;SKA3;AURKB;SKA1;AURKA;CENPE;KIF18A;KIF18B;PRC1;KIF4A;CDK1;KNTC1
GO_Cellular_Component_2023,Cytoplasmic Vesicle Membrane (GO:0030659),69/389,0.1914563434239598,0.7679097194664761,0,0,1.134078758378551,1.8747404558617,RET;MOXD1;SIGLEC9;TFRC;DYSF;STAB2;SLC2A3;FMN2;SLC2A4;SLA2;SIRPB1;LAMP5;IYD;GPER1;CA4;ITGAX;AP1S3;CD36;CTSD;SGCG;WLS;HLA-DPA1;CD177;ATP6V0B;MME;ENTPD7;DCSTAMP;CLEC4C;RAB31;DOK3;TYROBP;IRF7;VOPP1;TLR8;ATP6V0D2;HLA-DQB2;VAMP2;CAMK2B;GRIA2;HVCN1;PTAFR;C5AR1;CAMK2A;ITPR1;TMEM165;IRAK1;AP2S1;NCKAP1L;SLC15A3;APOB;HLA-DQA2;GRIA3;GRIA4;NTRK1;MSR1;ABCA3;CAV1;ABCA4;LILRB3;SGSM1;EHD2;MARCO;DIAPH1;PTPRC;SELL;NOSTRIN;HLA-DRA;MYD88;RAB9B
GO_Cellular_Component_2023,Extracellular Membrane-Bounded Organelle (GO:0065010),12/57,0.191977429866619,0.7679097194664761,0,0,1.4004597701149426,2.311287247536688,SERPINE2;TFRC;PEG10;ITGB2;OGN;E2F1;ATP1A2;PRELP;CTSF;APOE;F5;GRIA4
GO_Cellular_Component_2023,Endoplasmic reticulum-Golgi Intermediate Compartment Membrane (GO:0033116),11/52,0.2009612085950689,0.7953833098078518,0,0,1.408893916579404,2.2607722986336203,LAMP5;TMED9;F8;COL7A1;CTSZ;TAP1;TGFA;CALR;FOLR1;CTSC;F5
GO_Cellular_Component_2023,Neuron To Neuron Synapse (GO:0098984),3/10,0.2066338951353387,0.8009726244421378,0,0,2.2494976108605367,3.5470228462010738,GRIA2;NLGN1;ATP1B2
GO_Cellular_Component_2023,Platelet Dense Tubular Network (GO:0031094),3/10,0.2066338951353387,0.8009726244421378,0,0,2.2494976108605367,3.5470228462010738,ATP2A3;ITPR1;SERPINA5
GO_Cellular_Component_2023,Synaptic Membrane (GO:0097060),7/31,0.2182295282872667,0.8372888024082886,0,0,1.5312728221178926,2.330915568558285,NLGN1;ITGA3;GPER1;PDE2A;TMEM240;GRIN2B;SHISA8
GO_Cellular_Component_2023,COPII-coated ER To Golgi Transport Vesicle (GO:0030134),15/76,0.2273500906230829,0.8634710512553454,0,0,1.2913886845638274,1.9128878268652896,SEC13;TMED9;SEC24A;CTSZ;TGFA;F5;F8;COL7A1;HLA-DRA;SEC24D;HLA-DQA2;FOLR1;CTSC;HLA-DQB2;HLA-DPA1
GO_Cellular_Component_2023,Vesicle Coat (GO:0030120),8/37,0.231765689388393,0.8695264104169622,0,0,1.4483190464880271,2.117483545206766,CCL13;COPB2;SEC13;SEC24A;ENTHD1;MYCBPAP;COPG1;SEC24D
GO_Cellular_Component_2023,Extracellular Vesicle (GO:1903561),12/60,0.2451524100063577,0.8695264104169622,0,0,1.3126959247648904,1.8454866197653488,SERPINE2;TFRC;PEG10;ITGB2;OGN;E2F1;ATP1A2;PRELP;CTSF;APOE;F5;GRIA4
GO_Cellular_Component_2023,Filopodium (GO:0030175),12/60,0.2451524100063577,0.8695264104169622,0,0,1.3126959247648904,1.8454866197653488,ACTA2;RIPOR2;TENM2;ITGA3;PALM;TBC1D10C;UNC5C;LCP1;SCIMP;ACTG2;DNALI1;RAPGEF3
GO_Cellular_Component_2023,COPI-coated Vesicle Membrane (GO:0030663),4/16,0.2463301032509598,0.8695264104169622,0,0,1.749635188659579,2.451383698134107,CCL13;COPB2;COPG1;KDELR3
GO_Cellular_Component_2023,Dense Core Granule (GO:0031045),4/16,0.2463301032509598,0.8695264104169622,0,0,1.749635188659579,2.451383698134107,KIF1A;SLC6A2;SYT8;BAIAP3
GO_Cellular_Component_2023,G Protein-Coupled Receptor Dimeric Complex (GO:0038037),2/6,0.2474450157303589,0.8695264104169622,0,0,2.6240625,3.664678779388389,GABBR2;GABBR1
GO_Cellular_Component_2023,Astral Microtubule (GO:0000235),2/6,0.2474450157303589,0.8695264104169622,0,0,2.6240625,3.664678779388389,KIF18A;KIF18B
GO_Cellular_Component_2023,Hemidesmosome (GO:0030056),2/6,0.2474450157303589,0.8695264104169622,0,0,2.6240625,3.664678779388389,DST;EPPK1
GO_Cellular_Component_2023,Platelet Alpha Granule (GO:0031091),17/89,0.2511728569544391,0.8705646706064013,0,0,1.2399354613640328,1.713112073175225,CFD;SERPINE2;PROS1;STXBP1;SERPINE1;FN1;IGF2;PDGFA;NRG1;VEGFD;CYRIB;SYTL4;SERPINA5;F5;F8;CD36;FERMT3
GO_Cellular_Component_2023,Filopodium Membrane (GO:0031527),3/11,0.2523711412130259,0.8705646706064013,0,0,1.968193185370428,2.709915629109477,ITGA3;PALM;TBC1D10C
GO_Cellular_Component_2023,Actin-Based Cell Projection (GO:0098858),16/84,0.263514423787959,0.90074021222066,0,0,1.2355526014548943,1.6477912343512984,AOC3;RIPOR2;TENM2;PDGFA;UNC5C;SCIMP;ACTG2;DNALI1;SPN;ACTA2;LCP1;RAPGEF3;MYO1F;ATP6V1B1;SLC27A4;MYO1G
GO_Cellular_Component_2023,Neuromuscular Junction (GO:0031594),8/39,0.2798773801441668,0.948053107515376,0,0,1.3547175146948915,1.725102295379985,CHRNA1;NLGN1;UNC13A;SERPINE2;CDK5;SYNGR3;PDZRN3;CDK5R1
GO_Cellular_Component_2023,COPI Vesicle Coat (GO:0030126),3/12,0.2993259261018502,0.9959871523388998,0,0,1.7494008544336772,2.1101662267683965,CCL13;COPB2;COPG1
GO_Cellular_Component_2023,Serine-Type Peptidase Complex (GO:1905286),3/12,0.2993259261018502,0.9959871523388998,0,0,1.7494008544336772,2.1101662267683965,PLAU;CNTN1;PLAUR
GO_Cellular_Component_2023,Astrocyte Projection (GO:0097449),2/7,0.3117334981471001,0.9999937309927944,0,0,2.099125,2.446754014661735,KCNJ10;ATP1B2
GO_Cellular_Component_2023,Clathrin-Sculpted Gamma-Aminobutyric Acid Transport Vesicle (GO:0061200),2/7,0.3117334981471001,0.9999937309927944,0,0,2.099125,2.446754014661735,HSPA8;VAMP2
GO_Cellular_Component_2023,Clathrin-Sculpted Gamma-Aminobutyric Acid Transport Vesicle Membrane (GO:0061202),2/7,0.3117334981471001,0.9999937309927944,0,0,2.099125,2.446754014661735,HSPA8;VAMP2
GO_Cellular_Component_2023,Dendritic Spine Membrane (GO:0032591),2/7,0.3117334981471001,0.9999937309927944,0,0,2.099125,2.446754014661735,GPER1;SHISA8
GO_Cellular_Component_2023,Basolateral Plasma Membrane (GO:0016323),30/171,0.3216288339969056,0.9999937309927944,0,0,1.1172895817123232,1.267405356079894,TFRC;SLC43A2;KCNC2;AQP9;FRMPD2;C5AR1;SLC2A1;TGFA;PTH1R;NOD2;AURKA;EPCAM;CA4;SLC16A3;GPIHBP1;ABCC4;CA11;ABCC1;SLC31A1;SLC16A12;SLC16A10;TSHR;SLC5A6;SLC7A5;SLC7A7;CLDN19;ALPK2;FOLR1;SLC26A6;ATP6V1B1
GO_Cellular_Component_2023,High-Density Lipoprotein Particle (GO:0034364),4/18,0.3232743225790855,0.9999937309927944,0,0,1.499508621459841,1.6933261392530887,APOC1;LCAT;APOE;PLA2G7
GO_Cellular_Component_2023,Kinetochore Microtubule (GO:0005828),4/18,0.3232743225790855,0.9999937309927944,0,0,1.499508621459841,1.6933261392530887,CENPE;KIF18A;ZWILCH;KNTC1
GO_Cellular_Component_2023,Golgi Lumen (GO:0005796),18/100,0.3326295954472318,0.9999937309927944,0,0,1.1524390243902438,1.2685192911040002,ERO1A;MUC16;F10;PROS1;RHBDF2;BGN;PDGFA;KERA;PRELP;DCN;MMP11;F8;VCAN;OGN;GPC3;SDC1;MUC15;FMOD
GO_Cellular_Component_2023,Exocytic Vesicle Membrane (GO:0099501),10/53,0.3385558716461515,0.9999937309927944,0,0,1.2207116628781256,1.32211147326886,RPH3A;UNC13A;DYSF;SYNDIG1;SLC17A7;SYNGR3;SYN2;TMEM163;SYT8;VAMP2
GO_Cellular_Component_2023,Glial Cell Projection (GO:0097386),3/13,0.3466537582685114,0.9999937309927944,0,0,1.5743669896842762,1.6679297494891565,KCNJ10;ATP1B2;MAPT
GO_Cellular_Component_2023,Lamellar Body (GO:0042599),3/13,0.3466537582685114,0.9999937309927944,0,0,1.5743669896842762,1.6679297494891565,ABCA3;CTSH;CKAP4
GO_Cellular_Component_2023,Synaptic Vesicle Membrane (GO:0030672),10/54,0.3613068902211961,0.9999937309927944,0,0,1.1928970152654363,1.2144020501561763,RPH3A;UNC13A;DYSF;SYNDIG1;SLC17A7;SYNGR3;SYN2;TMEM163;SYT8;VAMP2
GO_Cellular_Component_2023,AMPA Glutamate Receptor Complex (GO:0032281),4/19,0.3624352862590921,0.9999937309927944,0,0,1.399457994579946,1.420322991440326,GRIA2;SHISA8;GRIA3;GRIA4
GO_Cellular_Component_2023,GABA-ergic Synapse (GO:0098982),4/19,0.3624352862590921,0.9999937309927944,0,0,1.399457994579946,1.420322991440326,NLGN1;LRFN5;NLGN4X;PTPRO
GO_Cellular_Component_2023,Endolysosome Membrane (GO:0036020),4/19,0.3624352862590921,0.9999937309927944,0,0,1.399457994579946,1.420322991440326,TASL;AP2S1;PCSK9;TLR8
GO_Cellular_Component_2023,Platelet Alpha Granule Lumen (GO:0031093),12/66,0.364029427665124,0.9999937309927944,0,0,1.16642284918147,1.17869428169193,CFD;F8;PROS1;SERPINE1;FN1;IGF2;PDGFA;NRG1;VEGFD;CYRIB;F5;FERMT3
GO_Cellular_Component_2023,AP-2 Adaptor Complex (GO:0030122),2/8,0.3747320114844364,0.9999937309927944,0,0,1.7491666666666668,1.716884299468978,AP2S1;STON2
GO_Cellular_Component_2023,Clathrin Coat Of Endocytic Vesicle (GO:0030128),2/8,0.3747320114844364,0.9999937309927944,0,0,1.7491666666666668,1.716884299468978,AP2S1;STON2
GO_Cellular_Component_2023,Inhibitory Synapse (GO:0060077),2/8,0.3747320114844364,0.9999937309927944,0,0,1.7491666666666668,1.716884299468978,NLGN1;NLGN4X
GO_Cellular_Component_2023,Perineuronal Net (GO:0072534),2/8,0.3747320114844364,0.9999937309927944,0,0,1.7491666666666668,1.716884299468978,VCAN;HAPLN1
GO_Cellular_Component_2023,Platelet Dense Tubular Network Membrane (GO:0031095),2/8,0.3747320114844364,0.9999937309927944,0,0,1.7491666666666668,1.716884299468978,ATP2A3;ITPR1
GO_Cellular_Component_2023,Coated Vesicle Membrane (GO:0030662),10/55,0.3842390414888144,0.9999937309927944,0,0,1.166318574213311,1.1155725384622823,SEC13;SEC24A;TGFA;HLA-DRA;KDELR3;SEC24D;HLA-DQA2;FOLR1;HLA-DQB2;HLA-DPA1
GO_Cellular_Component_2023,Chromosome (GO:0005694),28/164,0.3867001261324055,0.9999937309927944,0,0,1.080785055042811,1.026860099841498,TOP2A;BLM;CDCA2;CDCA5;NCAPG;SMC6;MKI67;MACROH2A1;RAD51AP1;RECQL4;RCC1;HORMAD1;SHOC1;CNTD1;TEX11;ESCO2;BAZ1A;SMC1A;BYSL;MYCL;BOP1;CENPE;RAD51;CENPH;FANCD2;BIRC5;INTS7;TRIP13
GO_Cellular_Component_2023,Triglyceride-Rich Plasma Lipoprotein Particle (GO:0034385),3/14,0.3936343666533614,0.9999937309927944,0,0,1.4311574639802211,1.3343150513064306,APOC1;APOE;APOB
GO_Cellular_Component_2023,Very-Low-Density Lipoprotein Particle (GO:0034361),3/14,0.3936343666533614,0.9999937309927944,0,0,1.4311574639802211,1.3343150513064306,APOC1;APOE;APOB
GO_Cellular_Component_2023,Anaphase-Promoting Complex (GO:0005680),4/20,0.4014959276466294,0.9999937309927944,0,0,1.3119136960600375,1.1971971923635722,CDC20;UBE2C;UBE2S;BUB1B
GO_Cellular_Component_2023,Intermediate Filament Cytoskeleton (GO:0045111),14/81,0.4228003917493227,0.9999937309927944,0,0,1.09662165958164,0.9440323466964028,SYNM;CARMIL2;DST;KRT4;SYCE1L;PPL;GFAP;BFSP2;RAD51;KRT17;KRT14;EPPK1;KRT6A;PRPH
GO_Cellular_Component_2023,Intermediate Filament (GO:0005882),12/69,0.4265133999099393,0.9999937309927944,0,0,1.1048341857779245,0.941441908922098,SYNM;BFSP2;DST;KRT4;KRT17;GPER1;KRT14;EPPK1;PPL;KRT6A;PRPH;GFAP
GO_Cellular_Component_2023,Vesicle Membrane (GO:0012506),12/69,0.4265133999099393,0.9999937309927944,0,0,1.1048341857779245,0.941441908922098,LAMP5;SGSM1;IYD;GPER1;DYSF;ENTPD7;VOPP1;FMN2;SLC2A4;AP1S3;GBP1;SLC26A6
GO_Cellular_Component_2023,Neuron Projection (GO:0043005),91/557,0.4335224141788055,0.9999937309927944,0,0,1.0251675144130683,0.8568470839502924,CYFIP2;RET;CNTNAP2;ROBO4;TENM2;KCNC2;PTGDR2;KCNC4;RASGRF1;PTPRO;FAM107A;GRIK3;CYP46A1;SLC6A2;IGF1R;RPH3A;CALB2;SAMD14;TDO2;GPER1;STMN1;BOC;KIF1A;EPHB2;CMKLR2;RGS6;CCR2;CHRNB4;UNC13A;MME;NPY5R;MAGI2;INSRR;NPY1R;SSTR1;GABRG1;CLDN11;DCX;MAPT;VAMP2;CX3CR1;CHRNA1;CAMK2B;GRIA2;SPTBN4;NLGN1;ADCYAP1R1;PLPPR1;HEPACAM;KCNA1;KCNA2;CHRNA6;CAMK2A;KCNA3;SLC1A3;LRP2;GLRA3;CALCR;MAP6;APOE;DRD2;GABRD;PRPH;NTRK1;RIC3;NTRK2;HSPA8;SKOR1;NLGN4X;HOMER2;KCNB1;STAT1;PLK2;LIMK1;DAB2IP;NR1D1;GRIN2B;SYT8;ZWINT;GARS1;CPEB1;NFASC;CDK5;PNOC;CNTN1;IGSF9B;CNTN4;RGS11;SCN2A;HCN2;CDK5R1
GO_Cellular_Component_2023,Perisynaptic Extracellular Matrix (GO:0098966),2/9,0.4352059740466335,0.9999937309927944,0,0,1.4991964285714283,1.2472352647234994,VCAN;HAPLN1
GO_Cellular_Component_2023,Pi-Body (GO:0071546),2/9,0.4352059740466335,0.9999937309927944,0,0,1.4991964285714283,1.2472352647234994,PIWIL2;TDRD1
GO_Cellular_Component_2023,"Transferase Complex, Transferring Phosphorus-Containing Groups (GO:0061695)",2/9,0.4352059740466335,0.9999937309927944,0,0,1.4991964285714283,1.2472352647234994,NEK10;IGF1R
GO_Cellular_Component_2023,Golgi Cisterna Membrane (GO:0032580),5/27,0.4391817826771856,0.9999937309927944,0,0,1.1925953308499446,0.981317369886671,GOLGA8K;GOLGA8J;GOLGA8M;ST3GAL1;GOLGA8N
GO_Cellular_Component_2023,Lumenal Side Of Endoplasmic Reticulum Membrane (GO:0098553),5/27,0.4391817826771856,0.9999937309927944,0,0,1.1925953308499446,0.981317369886671,HLA-DRA;CALR;HLA-DQA2;HLA-DQB2;HLA-DPA1
GO_Cellular_Component_2023,Sarcoplasmic Reticulum Membrane (GO:0033017),5/27,0.4391817826771856,0.9999937309927944,0,0,1.1925953308499446,0.981317369886671,JPH2;NOS1AP;CASQ2;RYR3;TRDN
GO_Cellular_Component_2023,COPII Vesicle Coat (GO:0030127),3/15,0.4396719619486593,0.9999937309927944,0,0,1.311816192560175,1.077953959527658,SEC13;SEC24A;SEC24D
GO_Cellular_Component_2023,Cation-Transporting ATPase Complex (GO:0090533),3/15,0.4396719619486593,0.9999937309927944,0,0,1.311816192560175,1.077953959527658,FXYD1;ATP1A2;ATP1B2
GO_Cellular_Component_2023,Secondary Lysosome (GO:0005767),3/15,0.4396719619486593,0.9999937309927944,0,0,1.311816192560175,1.077953959527658,NCF1;NCF2;FTL
GO_Cellular_Component_2023,Gap Junction (GO:0005921),4/21,0.4400942720308069,0.9999937309927944,0,0,1.2346687267777656,1.013374507794787,GJB2;GJC3;GJB3;DSC1
GO_Cellular_Component_2023,Pericentric Heterochromatin (GO:0005721),4/21,0.4400942720308069,0.9999937309927944,0,0,1.2346687267777656,1.013374507794787,HELLS;BAZ1A;IKZF1;MACROH2A1
GO_Cellular_Component_2023,Glutamatergic Synapse (GO:0098978),13/78,0.4844747051078253,0.9999937309927944,0,0,1.0494198808403887,0.7605041535297032,NLGN1;NLGN4X;CTTNBP2;PTPRO;YWHAZ;ARHGAP22;LRFN5;NOS1AP;APOE;DRD2;NPTX2;DLGAP2;LRRC4B
GO_Cellular_Component_2023,Cell-Cell Contact Zone (GO:0044291),8/47,0.4856762076995691,0.9999937309927944,0,0,1.0763129585922322,0.7773273360670175,TIAM1;RAP2B;AHNAK;FXYD1;PGM5;SCN5A;SCN4B;JAM2
GO_Cellular_Component_2023,Serine-Type Endopeptidase Complex (GO:1905370),2/10,0.4923489656053215,0.9999937309927944,0,0,1.31171875,0.9294413202831164,PLAU;PLAUR
GO_Cellular_Component_2023,Vesicle (GO:0031982),38/235,0.5008838880389879,0.9999937309927944,0,0,1.0120807048842626,0.6997333345617697,SERPINE2;TFRC;AHNAK;NRXN1;ITGB2;ATP1A2;PRELP;SLC2A4;NOD2;ABO;TUBA1C;CST2;CST1;IBSP;BASP1;PEG10;LAMP3;E2F1;APOE;CTSF;GBP1;GRIA4;PRRT2;MUC16;RIPK2;AP3B2;YWHAZ;F5;BMP5;GPRC5A;OGN;LGR6;GAPDH;VAMP2;CAPS;SLC26A6;MYO1F;MYO1G
GO_Cellular_Component_2023,Myofibril (GO:0030016),5/29,0.5053157601969595,0.9999937309927944,0,0,1.0930820560942551,0.746106961859664,TMOD1;OBSCN;SCO2;LMOD1;MYL9
GO_Cellular_Component_2023,Motile Cilium (GO:0031514),12/73,0.509365889654484,0.9999937309927944,0,0,1.0321393699573462,0.6962695356590816,DNAI4;DYNC2H1;DNAH11;INTU;DNAH17;ODAD4;DNAH5;CFAP91;WDR19;CFAP300;DNALI1;CFAP45
GO_Cellular_Component_2023,SCF Ubiquitin Ligase Complex (GO:0019005),10/61,0.5212041629960068,0.9999937309927944,0,0,1.0287360558258392,0.6703382468076898,SPSB1;FBXO2;CCNF;CKS2;FBXO6;NCCRP1;FBXO32;CKS1B;FBXL6;SPSB4
GO_Cellular_Component_2023,Germ Plasm (GO:0060293),3/17,0.5271179490137448,0.9999937309927944,0,0,1.1242799089001028,0.7199112146135063,PIWIL2;TDRD1;SNRPG
GO_Cellular_Component_2023,ER To Golgi Transport Vesicle Membrane (GO:0012507),9/55,0.5281001888585084,0.9999937309927944,0,0,1.0264845654216423,0.6553788425803652,SEC13;SEC24A;TGFA;HLA-DRA;SEC24D;HLA-DQA2;FOLR1;HLA-DQB2;HLA-DPA1
GO_Cellular_Component_2023,Cell-Substrate Junction (GO:0030055),63/395,0.5348533239886385,0.9999937309927944,0,0,0.9954037238472846,0.6228865521287669,TGFB1I1;FHL1;ITGB2;ARPC5L;FAM107A;TNFSF13B;ICAM1;AKAP12;CSRP1;PLAU;RAC2;ITGB7;PGM5;TNS4;TNS2;TNS1;TGM2;ACTR3;ACTR2;TLE2;DST;ITGA4;MME;ITGA3;ITGA2;PLAUR;KIF23;LMO7;YWHAZ;HCK;CAT;LCP1;PFN1;COL17A1;FBLN7;AHNAK;SYNPO2;CXCR4;THY1;THSD1;ARHGAP22;CNN1;XIRP1;LPXN;MISP;HSPA8;GSN;CAV2;CAV1;HMGA1;SORBS1;CORO2B;NFASC;PTPRC;PARVG;ARPC3;ITGBL1;HYOU1;EPPK1;CALR;FERMT2;LIMS2;FERMT3
GO_Cellular_Component_2023,Non-Motile Cilium (GO:0097730),5/30,0.5372062339416398,0.9999937309927944,0,0,1.0492962152017515,0.6520045573679574,C1ORF115;WDR19;CFAP69;PKD2L1;DRD2
GO_Cellular_Component_2023,Rough Endoplasmic Reticulum (GO:0005791),5/30,0.5372062339416398,0.9999937309927944,0,0,1.0492962152017515,0.6520045573679574,PSMD2;F12;LRAT;TMEM97;CKAP4
GO_Cellular_Component_2023,Early Phagosome (GO:0032009),2/11,0.5456773387628171,0.9999937309927944,0,0,1.1659027777777775,0.7062192962056092,RAB31;SYK
GO_Cellular_Component_2023,Cytoskeleton (GO:0005856),95/599,0.5582574682756417,0.9999937309927944,0,0,0.9885064958286716,0.5762350443656219,LAD1;RIPOR2;SYNM;DYRK2;EDA;ONECUT2;FAM107A;TCHH;PKD2L1;FMN2;FOXM1;ARHGAP6;MYLK;LIMD2;RND1;TUBA1C;SAMD14;CASP8;BASP1;CFL2;MYOZ3;KNTC1;GTSE1;ACTR3;ACTR2;DST;KRT4;SYCE1L;DAPK1;RIPK2;CKAP2L;TPM2;DENND2A;CKAP2;TUBG2;EML4;FGR;TUBB2B;ITPKA;DCX;BIRC5;ALDOC;KIF2C;LCP1;MAPT;GAPDH;KANK3;CD274;AHNAK;SYNPO2;WAS;CDCA8;PDXP;HMMR;NOD2;BARX2;PPL;SKA1;AURKB;AURKA;CCNB2;CNN1;ABL2;RGS22;GBP1;PDLIM4;ENKD1;CARMIL2;FYB1;GSN;SEPTIN1;PLK1;SEPTIN6;DCDC2;TUBB4A;CORO2B;EFR3B;GFAP;EHD2;CENPE;MFHAS1;ANLN;TPX2;KIF18A;TTLL3;PARVG;KRT17;ARPC3;PRC1;SPRY2;EPPK1;PTPN7;MYO1F;CDK16;MYO1G
GO_Cellular_Component_2023,Cortical Cytoskeleton (GO:0030863),10/63,0.564929896941483,0.9999937309927944,0,0,0.9897976072256112,0.5652275182972615,CLDN5;SPTBN4;PLEKHH2;GSN;SLC2A1;COTL1;CORO1A;MISP;RAPGEF3;GCOM1
GO_Cellular_Component_2023,Connexin Complex (GO:0005922),3/18,0.5678866485331605,0.9999937309927944,0,0,1.0492653954360738,0.593709450919361,GJB2;GJC3;GJB3
GO_Cellular_Component_2023,9+2 Motile Cilium (GO:0097729),11/70,0.5773166359846228,0.9999937309927944,0,0,0.9780101875507916,0.5372839803186112,DNAH11;DNAH17;TTLL3;ODAD4;DNAH8;DNAH5;CCDC181;CABCOCO1;DNALI1;CFAP45;SPACA9
GO_Cellular_Component_2023,ATP-binding Cassette (ABC) Transporter Complex (GO:0043190),1/5,0.5820761331254202,0.9999937309927944,0,0,1.3116213683223992,0.7097891852038679,ABCB8
GO_Cellular_Component_2023,Activin Receptor Complex (GO:0048179),1/5,0.5820761331254202,0.9999937309927944,0,0,1.3116213683223992,0.7097891852038679,ACVR1C
GO_Cellular_Component_2023,Apicolateral Plasma Membrane (GO:0016327),1/5,0.5820761331254202,0.9999937309927944,0,0,1.3116213683223992,0.7097891852038679,MPDZ
GO_Cellular_Component_2023,"Asymmetric, Glutamatergic, Excitatory Synapse (GO:0098985)",1/5,0.5820761331254202,0.9999937309927944,0,0,1.3116213683223992,0.7097891852038679,NLGN4X
GO_Cellular_Component_2023,Box C/D RNP Complex (GO:0031428),1/5,0.5820761331254202,0.9999937309927944,0,0,1.3116213683223992,0.7097891852038679,FBLL1
GO_Cellular_Component_2023,Cortical Granule (GO:0060473),1/5,0.5820761331254202,0.9999937309927944,0,0,1.3116213683223992,0.7097891852038679,CALR
GO_Cellular_Component_2023,Insulin-Responsive Compartment (GO:0032593),1/5,0.5820761331254202,0.9999937309927944,0,0,1.3116213683223992,0.7097891852038679,SLC2A4
GO_Cellular_Component_2023,Neuronal Dense Core Vesicle (GO:0098992),1/5,0.5820761331254202,0.9999937309927944,0,0,1.3116213683223992,0.7097891852038679,KIF1A
GO_Cellular_Component_2023,Platelet Dense Granule Membrane (GO:0031088),1/5,0.5820761331254202,0.9999937309927944,0,0,1.3116213683223992,0.7097891852038679,ITPR1
GO_Cellular_Component_2023,Symmetric Synapse (GO:0032280),1/5,0.5820761331254202,0.9999937309927944,0,0,1.3116213683223992,0.7097891852038679,NLGN4X
GO_Cellular_Component_2023,Zonula Adherens (GO:0005915),1/5,0.5820761331254202,0.9999937309927944,0,0,1.3116213683223992,0.7097891852038679,SORBS1
GO_Cellular_Component_2023,beta-catenin-TCF Complex (GO:1990907),2/12,0.5949475857647315,0.9999937309927944,0,0,1.04925,0.5448566054155447,TCF7L2;LEF1
GO_Cellular_Component_2023,Clathrin Coat Of Coated Pit (GO:0030132),2/12,0.5949475857647315,0.9999937309927944,0,0,1.04925,0.5448566054155447,AP2S1;STON2
GO_Cellular_Component_2023,Clathrin Vesicle Coat (GO:0030125),2/12,0.5949475857647315,0.9999937309927944,0,0,1.04925,0.5448566054155447,ENTHD1;MYCBPAP
GO_Cellular_Component_2023,Microvillus (GO:0005902),9/58,0.596061511539983,0.9999937309927944,0,0,0.9634660002428782,0.4985083016346149,SPN;AOC3;SLC7A5;PDGFA;RAPGEF3;MYO1F;ATP6V1B1;SLC27A4;MYO1G
GO_Cellular_Component_2023,Clathrin Adaptor Complex (GO:0030131),3/19,0.6064087511048587,0.9999937309927944,0,0,0.9836276961550484,0.4920115705397366,AP2S1;STON2;AP1S3
GO_Cellular_Component_2023,Dendrite (GO:0030425),42/270,0.6069778826861386,0.9999937309927944,0,0,0.9659393737508328,0.4822577177653214,GRIA2;CNTNAP2;TENM2;NLGN1;KCNC2;KCNA1;KCNC4;KCNA2;GRIK3;THY1;LRP2;CYP46A1;FOXM1;LAMP5;CALB2;SGCE;SAMD14;GPER1;MAP6;APOE;KIF1A;EPHB2;DRD2;CCR2;HSPA8;NTRK2;SKOR1;NLGN4X;MME;HOMER2;KCNB1;STAT1;PLK2;MAGI2;NR1D1;ZWINT;GABRG1;CDK5;PNOC;MAPT;HCN2;CDK5R1
GO_Cellular_Component_2023,Keratin Filament (GO:0045095),6/39,0.6096967486898605,0.9999937309927944,0,0,0.9537490044373648,0.4719088831079337,KRT4;KRT17;GPER1;KRT14;EPPK1;KRT6A
GO_Cellular_Component_2023,Golgi Cis Cisterna (GO:0000137),4/26,0.616890040712954,0.9999937309927944,0,0,0.9537779293876856,0.460736246155845,GOLGA8K;GOLGA8J;GOLGA8M;GOLGA8N
GO_Cellular_Component_2023,Focal Adhesion (GO:0005925),60/387,0.6295144354983121,0.9999937309927944,0,0,0.9618720034571564,0.4451606096655601,TGFB1I1;FHL1;ITGB2;ARPC5L;FAM107A;TNFSF13B;ICAM1;AKAP12;CSRP1;PLAU;RAC2;ITGB7;PGM5;TNS4;TNS2;TNS1;TGM2;ACTR3;ACTR2;TLE2;DST;ITGA4;MME;ITGA3;ITGA2;PLAUR;KIF23;LMO7;YWHAZ;HCK;CAT;LCP1;PFN1;FBLN7;AHNAK;SYNPO2;CXCR4;THY1;THSD1;ARHGAP22;CNN1;XIRP1;LPXN;MISP;HSPA8;GSN;CAV2;CAV1;HMGA1;SORBS1;CORO2B;NFASC;PTPRC;PARVG;ARPC3;ITGBL1;HYOU1;CALR;FERMT2;LIMS2
GO_Cellular_Component_2023,Brush Border Membrane (GO:0031526),6/40,0.6354435543745919,0.9999937309927944,0,0,0.9256423470514614,0.419715872841982,CA4;LRP2;CD36;PDZK1;SLC26A6;SLC28A3
GO_Cellular_Component_2023,CatSper Complex (GO:0036128),2/13,0.6400918799507267,0.9999937309927944,0,0,0.9538068181818182,0.4255347603638127,CATSPER1;CATSPER2
GO_Cellular_Component_2023,Acetylcholine-Gated Channel Complex (GO:0005892),2/13,0.6400918799507267,0.9999937309927944,0,0,0.9538068181818182,0.4255347603638127,CHRNA1;CHRNB4
GO_Cellular_Component_2023,AP-3 Adaptor Complex (GO:0030123),1/6,0.649002296313259,0.9999937309927944,0,0,1.0492346141830675,0.4536040844044051,AP3B2
GO_Cellular_Component_2023,ATPase Dependent Transmembrane Transport Complex (GO:0098533),1/6,0.649002296313259,0.9999937309927944,0,0,1.0492346141830675,0.4536040844044051,ABCB8
GO_Cellular_Component_2023,COPI-coated Vesicle (GO:0030137),1/6,0.649002296313259,0.9999937309927944,0,0,1.0492346141830675,0.4536040844044051,KDELR3
GO_Cellular_Component_2023,U7 snRNP (GO:0005683),1/6,0.649002296313259,0.9999937309927944,0,0,1.0492346141830675,0.4536040844044051,SNRPG
GO_Cellular_Component_2023,X Chromosome (GO:0000805),1/6,0.649002296313259,0.9999937309927944,0,0,1.0492346141830675,0.4536040844044051,MACROH2A1
GO_Cellular_Component_2023,Chloride Channel Complex (GO:0034707),1/6,0.649002296313259,0.9999937309927944,0,0,1.0492346141830675,0.4536040844044051,GLRA3
GO_Cellular_Component_2023,Flotillin Complex (GO:0016600),1/6,0.649002296313259,0.9999937309927944,0,0,1.0492346141830675,0.4536040844044051,SORBS1
GO_Cellular_Component_2023,Macropinosome (GO:0044354),1/6,0.649002296313259,0.9999937309927944,0,0,1.0492346141830675,0.4536040844044051,CARMIL2
GO_Cellular_Component_2023,Pinosome (GO:0044352),1/6,0.649002296313259,0.9999937309927944,0,0,1.0492346141830675,0.4536040844044051,CARMIL2
GO_Cellular_Component_2023,"Proton-Transporting V-type ATPase, V0 Domain (GO:0033179)",1/6,0.649002296313259,0.9999937309927944,0,0,1.0492346141830675,0.4536040844044051,ATP6V0B
GO_Cellular_Component_2023,"Vacuolar Proton-Transporting V-type ATPase, V0 Domain (GO:0000220)",1/6,0.649002296313259,0.9999937309927944,0,0,1.0492346141830675,0.4536040844044051,ATP6V0B
GO_Cellular_Component_2023,Zymogen Granule (GO:0042588),1/6,0.649002296313259,0.9999937309927944,0,0,1.0492346141830675,0.4536040844044051,VAMP2
GO_Cellular_Component_2023,Zymogen Granule Membrane (GO:0042589),1/6,0.649002296313259,0.9999937309927944,0,0,1.0492346141830675,0.4536040844044051,VAMP2
GO_Cellular_Component_2023,Cornified Envelope (GO:0001533),6/41,0.6601569476900842,0.9999937309927944,0,0,0.8991417843733238,0.3733935076428341,TCHH;DSG1;PPL;DSC1;IVL;FGFR1
GO_Cellular_Component_2023,Proton-Transporting V-type ATPase Complex (GO:0033176),3/21,0.6763156992991026,0.9999937309927944,0,0,0.8742315306866729,0.3419078437751001,ATP6V0B;ATP6V0D2;ATP6V1B1
GO_Cellular_Component_2023,Aggresome (GO:0016235),5/35,0.679890064624511,0.9999937309927944,0,0,0.8741528516317381,0.3372692927972109,FGR;HSPB7;SLC2A3;URB2;PRKCQ
GO_Cellular_Component_2023,Endopeptidase Complex (GO:1905369),2/14,0.6811680920266153,0.9999937309927944,0,0,0.8742708333333333,0.3356729398550668,PLAU;PLAUR
GO_Cellular_Component_2023,Muscle Myosin Complex (GO:0005859),2/14,0.6811680920266153,0.9999937309927944,0,0,0.8742708333333333,0.3356729398550668,MYH11;MYL9
GO_Cellular_Component_2023,nBAF Complex (GO:0071565),2/14,0.6811680920266153,0.9999937309927944,0,0,0.8742708333333333,0.3356729398550668,DPF1;SMARCA4
GO_Cellular_Component_2023,Lysosome (GO:0005764),77/503,0.6865920983018666,0.9999937309927944,0,0,0.9469626291079812,0.3560720644141223,SPAAR;TINAGL1;CTSZ;PCSK9;TMEM97;IFI30;SLC2A6;CTSS;PIP4P2;GM2A;CTSL;PGAP6;CTSH;AP1S3;CTSF;HLA-DOB;CD34;CTSD;ABCD1;CTSC;HLA-DPA1;CTSB;SLC36A1;ATP6V0B;SEC13;USP6;RNASET2;SLC11A1;BGN;PRSS16;EPDR1;KERA;NRG1;PLAAT3;UNC13D;DCN;HCK;VCAN;ATP6V0D2;HLA-DQB2;GRN;AHNAK;PDE1C;CXCR4;PRELP;LRP2;CST7;TMEM165;ACAN;HLA-DMB;GPC3;ARSG;SLC15A3;APOB;HLA-DQA2;ARSB;TXNDC5;CTSA;HSPA8;LAPTM5;GZMB;GRIN2B;MCOLN2;GPR137B;GFAP;MFHAS1;GLB1;OGN;HLA-DRA;SDC1;MAN2B1;HPSE;OCIAD2;FMOD;ADA;RAB9B;LGMN
GO_Cellular_Component_2023,Recycling Endosome Membrane (GO:0055038),10/70,0.702230678792388,0.9999937309927944,0,0,0.8739557226399332,0.3089375157546625,LAMP5;CLIP3;CD274;EHD2;ENTREP1;RAP2B;SLC31A1;ATG9B;RAB11FIP4;BAIAP3
GO_Cellular_Component_2023,ESC/E(Z) Complex (GO:0035098),1/7,0.7052137008998939,0.9999937309927944,0,0,0.8743101114235134,0.3053566536048918,EZH2
GO_Cellular_Component_2023,HFE-transferrin Receptor Complex (GO:1990712),1/7,0.7052137008998939,0.9999937309927944,0,0,0.8743101114235134,0.3053566536048918,TFRC
GO_Cellular_Component_2023,NMDA Selective Glutamate Receptor Complex (GO:0017146),1/7,0.7052137008998939,0.9999937309927944,0,0,0.8743101114235134,0.3053566536048918,GRIN2B
GO_Cellular_Component_2023,Cytolytic Granule (GO:0044194),1/7,0.7052137008998939,0.9999937309927944,0,0,0.8743101114235134,0.3053566536048918,GZMB
GO_Cellular_Component_2023,Death-Inducing Signaling Complex (GO:0031264),1/7,0.7052137008998939,0.9999937309927944,0,0,0.8743101114235134,0.3053566536048918,CASP8
GO_Cellular_Component_2023,Serine C-palmitoyltransferase Complex (GO:0017059),1/7,0.7052137008998939,0.9999937309927944,0,0,0.8743101114235134,0.3053566536048918,SPTLC3
GO_Cellular_Component_2023,Mitochondrial Ribosome (GO:0005761),3/22,0.7076416851268147,0.9999937309927944,0,0,0.8281699873315674,0.2863955982790745,MRPS12;MRPL37;MRPL13
GO_Cellular_Component_2023,PRC1 Complex (GO:0035102),2/15,0.7183213010072687,0.9999937309927944,0,0,0.8069711538461538,0.2669769772686613,CBX7;CBX2
GO_Cellular_Component_2023,Exocytic Vesicle (GO:0070382),2/15,0.7183213010072687,0.9999937309927944,0,0,0.8069711538461538,0.2669769772686613,SYTL4;UNC13D
GO_Cellular_Component_2023,Myosin Filament (GO:0032982),2/15,0.7183213010072687,0.9999937309927944,0,0,0.8069711538461538,0.2669769772686613,MYH7B;MYH11
GO_Cellular_Component_2023,Secretory Vesicle (GO:0099503),2/15,0.7183213010072687,0.9999937309927944,0,0,0.8069711538461538,0.2669769772686613,SYTL4;UNC13D
GO_Cellular_Component_2023,trans-Golgi Network Transport Vesicle (GO:0030140),2/15,0.7183213010072687,0.9999937309927944,0,0,0.8069711538461538,0.2669769772686613,TMED9;RASSF9
GO_Cellular_Component_2023,Clathrin Coat (GO:0030118),2/16,0.7517544018576865,0.9999937309927944,0,0,0.7492857142857143,0.2138053829504935,ENTHD1;MYCBPAP
GO_Cellular_Component_2023,Platelet Alpha Granule Membrane (GO:0031092),2/16,0.7517544018576865,0.9999937309927944,0,0,0.7492857142857143,0.2138053829504935,CD36;SYTL4
GO_Cellular_Component_2023,9+0 Non-Motile Cilium (GO:0097731),1/8,0.752425308087196,0.9999937309927944,0,0,0.7493640380238319,0.2131592575920573,C1ORF115
GO_Cellular_Component_2023,Cul5-RING Ubiquitin Ligase Complex (GO:0031466),1/8,0.752425308087196,0.9999937309927944,0,0,0.7493640380238319,0.2131592575920573,KLHDC1
GO_Cellular_Component_2023,Golgi Trans Cisterna (GO:0000138),1/8,0.752425308087196,0.9999937309927944,0,0,0.7493640380238319,0.2131592575920573,ST3GAL1
GO_Cellular_Component_2023,Smc5-Smc6 Complex (GO:0030915),1/8,0.752425308087196,0.9999937309927944,0,0,0.7493640380238319,0.2131592575920573,SMC6
GO_Cellular_Component_2023,Chromatoid Body (GO:0033391),1/8,0.752425308087196,0.9999937309927944,0,0,0.7493640380238319,0.2131592575920573,PIWIL2
GO_Cellular_Component_2023,Dendrite Cytoplasm (GO:0032839),1/8,0.752425308087196,0.9999937309927944,0,0,0.7493640380238319,0.2131592575920573,GRIK3
GO_Cellular_Component_2023,Late Endosome Lumen (GO:0031906),1/8,0.752425308087196,0.9999937309927944,0,0,0.7493640380238319,0.2131592575920573,IL12B
GO_Cellular_Component_2023,"Phosphatidylinositol 3-Kinase Complex, Class I (GO:0097651)",1/8,0.752425308087196,0.9999937309927944,0,0,0.7493640380238319,0.2131592575920573,PIK3R5
GO_Cellular_Component_2023,"Phosphatidylinositol 3-Kinase Complex, Class IA (GO:0005943)",1/8,0.752425308087196,0.9999937309927944,0,0,0.7493640380238319,0.2131592575920573,PIK3R5
GO_Cellular_Component_2023,Intercalated Disc (GO:0014704),4/31,0.7542120085014841,0.9999937309927944,0,0,0.776920760660598,0.2191551849588967,FXYD1;PGM5;SCN5A;SCN4B
GO_Cellular_Component_2023,P Granule (GO:0043186),3/24,0.7632038783451951,0.9999937309927944,0,0,0.749207341579958,0.2024583577328125,PIWIL2;TDRD1;SNRPG
GO_Cellular_Component_2023,Vacuolar Proton-Transporting V-type ATPase Complex (GO:0016471),3/24,0.7632038783451951,0.9999937309927944,0,0,0.749207341579958,0.2024583577328125,ATP6V0B;ATP6V0D2;ATP6V1B1
GO_Cellular_Component_2023,Azurophil Granule (GO:0042582),22/155,0.7634267525225696,0.9999937309927944,0,0,0.8668605475954037,0.2339986851717571,CTSA;PIGR;ACTR2;GRN;NFAM1;RNASET2;LPCAT1;GGH;LYZ;UNC13D;CKAP4;ARHGAP45;GM2A;GLB1;PSMD1;MAN2B1;MNDA;ARSB;ELANE;CTSC;FTL;TXNDC5
GO_Cellular_Component_2023,Cation Channel Complex (GO:0034703),7/53,0.7657605506799031,0.9999937309927944,0,0,0.7978771177791386,0.2129420370824692,TRPM2;KCNIP2;MCUB;CASQ2;PKD2L1;SCN2A;RYR3
GO_Cellular_Component_2023,Basement Membrane (GO:0005604),6/46,0.7672173792956709,0.9999937309927944,0,0,0.786514392991239,0.2084145972659007,LAMA2;DST;COL4A1;LAMA3;P3H2;COL4A6
GO_Cellular_Component_2023,Desmosome (GO:0030057),2/17,0.7817058848343589,0.9999937309927944,0,0,0.6992916666666666,0.1722192548659026,DSG1;DSC1
GO_Cellular_Component_2023,Postsynaptic Density (GO:0014069),21/151,0.7911836858652057,0.9999937309927944,0,0,0.8464391942543468,0.1982573204664047,GRIA2;NTRK2;NLGN1;HOMER2;GRIK5;MAGI2;IQSEC3;GRIK3;GRIK1;FOXM1;SHISA8;GRIN2B;INSYN2B;SAMD14;CDK5;NETO1;GPER1;SYNDIG1;GRIA3;GRIA4;CDK5R1
GO_Cellular_Component_2023,Autolysosome (GO:0044754),1/9,0.7920776614337742,0.9999937309927944,0,0,0.6556544829740706,0.1528303289240677,FTL
GO_Cellular_Component_2023,bBAF Complex (GO:0140092),1/9,0.7920776614337742,0.9999937309927944,0,0,0.6556544829740706,0.1528303289240677,SMARCA4
GO_Cellular_Component_2023,GABA-A Receptor Complex (GO:1902711),2/18,0.8084332446336665,0.9999937309927944,0,0,0.655546875,0.1394067434417869,GABRD;GABRG1
GO_Cellular_Component_2023,Cell Projection Membrane (GO:0031253),14/105,0.8098013034059987,0.9999937309927944,0,0,0.8062445709873565,0.1700904871232589,ITGA3;ATP1B2;PDZK1;LRP2;SLC7A5;PALM;CA4;TBC1D10C;PLEKHO1;CD36;DRD2;SLC26A6;ABCG2;SLC28A3
GO_Cellular_Component_2023,Bounding Membrane Of Organelle (GO:0098588),122/819,0.8251238495332889,0.9999937309927944,0,0,0.9150170489481824,0.1758862088694625,GALNT12;TFRC;CHPF;PGAP4;PROS1;SPRING1;SLA2;LAMP5;AP1S3;WLS;CD177;GBP5;ST6GAL1;ST6GAL2;ATG9B;ENTPD7;TAP1;CLEC4C;DOK3;TYROBP;RAB31;KDELR3;ATP6V0D2;GRIA2;COPB2;HS3ST3A1;HVCN1;SH2D2A;C5AR1;ITPR1;PDGFA;TGFA;ABO;FUT3;APOO;FUT7;IRAK1;CHST11;FUT9;PDGFD;DSEL;ST8SIA4;CHST13;NCKAP1L;APOB;DRD2;SLC15A3;HLA-DQA2;ST3GAL1;GRIA3;GRIA4;MSR1;WSCD1;ABCA6;WSCD2;ST8SIA2;CAV1;EHD2;MARCO;DIAPH1;MYMX;PTPRC;SELL;NOSTRIN;HLA-DRA;CALR;MYD88;RET;MOXD1;SIGLEC9;CTSZ;ATP2A3;STAB2;SLC2A1;SLC2A3;SIRPB1;RYR3;GLIPR2;B3GALT1;CA4;ITGAX;CD36;CTSD;CTSC;SGCG;HLA-DPA1;SLC36A1;ATP6V0B;TMED9;MME;CHPF2;F5;TRDN;ZDHHC15;DCSTAMP;F8;B3GNT7;NOS1AP;IRF7;CASQ2;TLR8;B4GALT6;VAMP2;HLA-DQB2;CAMK2B;PTAFR;CAMK2A;TMEM165;AP2S1;GCNT3;NCAM1;CYTH1;NTRK1;SLC35A2;NMNAT2;LILRB3;HS3ST2;DOP1B;COL7A1;COPG1;FOLR1;RAB9B
GO_Cellular_Component_2023,Golgi Medial Cisterna (GO:0005797),1/10,0.8253807860524351,0.9999937309927944,0,0,0.582769273490923,0.1118395078581969,ST3GAL1
GO_Cellular_Component_2023,U4 snRNP (GO:0005687),1/10,0.8253807860524351,0.9999937309927944,0,0,0.582769273490923,0.1118395078581969,SNRPG
GO_Cellular_Component_2023,Neuron Projection Cytoplasm (GO:0120111),1/10,0.8253807860524351,0.9999937309927944,0,0,0.582769273490923,0.1118395078581969,GRIK3
GO_Cellular_Component_2023,"Proton-Transporting V-type ATPase, V1 Domain (GO:0033180)",1/10,0.8253807860524351,0.9999937309927944,0,0,0.582769273490923,0.1118395078581969,ATP6V1B1
GO_Cellular_Component_2023,"Vacuolar Proton-Transporting V-type ATPase, V1 Domain (GO:0000221)",1/10,0.8253807860524351,0.9999937309927944,0,0,0.582769273490923,0.1118395078581969,ATP6V1B1
GO_Cellular_Component_2023,trans-Golgi Network Membrane (GO:0032588),13/100,0.8309997636809592,0.9999937309927944,0,0,0.7830184938888348,0.1449569004354557,TMEM165;BAIAP3;CLIP3;RAB31;MMP24;FUT9;HLA-DRA;AP1S3;LGR6;HLA-DQA2;ST3GAL1;HLA-DQB2;HLA-DPA1
GO_Cellular_Component_2023,U5 snRNP (GO:0005682),2/19,0.8322007868761035,0.9999937309927944,0,0,0.6169485294117647,0.1133220540683812,SNRPG;TXNL4A
GO_Cellular_Component_2023,Smooth Endoplasmic Reticulum (GO:0005790),2/19,0.8322007868761035,0.9999937309927944,0,0,0.6169485294117647,0.1133220540683812,HYOU1;RYR3
GO_Cellular_Component_2023,Multivesicular Body (GO:0005771),6/50,0.83306675314826,0.9999937309927944,0,0,0.7148424166571851,0.1305598942397663,CD79A;CTSL;CTSH;LRAT;APOE;CST7
GO_Cellular_Component_2023,Cul3-RING Ubiquitin Ligase Complex (GO:0031463),4/35,0.8339548919637233,0.9999937309927944,0,0,0.676511529383284,0.122838233416447,ENC1;KCTD17;KCTD5;KBTBD8
GO_Cellular_Component_2023,Early Endosome Membrane (GO:0031901),15/116,0.8502024579908646,0.9999937309927944,0,0,0.7780836131934499,0.1262680094201837,CD274;SLC31A1;CAV1;KREMEN2;TMEM163;SNX20;BAIAP3;LAMP5;CLIP3;ENTREP1;RAB31;DOP1B;SYNDIG1;FCGR1A;WLS
GO_Cellular_Component_2023,Mitochondrial Outer Membrane (GO:0005741),20/151,0.8519155572444308,0.9999937309927944,0,0,0.7996794948685593,0.1281629279499065,AOC1;TIGAR;TOMM40;RSAD2;MAOB;MYOC;BCL2A1;PDE2A;ACSL3;KMO;ACACB;HK2;CYP27B1;CASP8;GPAM;RAC2;HMOX1;BAX;VDAC1;BAK1
GO_Cellular_Component_2023,AP-1 Adaptor Complex (GO:0030121),1/11,0.8533510670408411,0.9999937309927944,0,0,0.5244611059044049,0.0831712704543658,AP1S3
GO_Cellular_Component_2023,Intracellular Vesicle (GO:0097708),1/11,0.8533510670408411,0.9999937309927944,0,0,0.5244611059044049,0.0831712704543658,AP3B2
GO_Cellular_Component_2023,Mitochondrial Respiratory Chain Complex III (GO:0005750),1/11,0.8533510670408411,0.9999937309927944,0,0,0.5244611059044049,0.0831712704543658,CYC1
GO_Cellular_Component_2023,Respiratory Chain Complex III (GO:0045275),1/11,0.8533510670408411,0.9999937309927944,0,0,0.5244611059044049,0.0831712704543658,CYC1
GO_Cellular_Component_2023,cis-Golgi Network (GO:0005801),7/60,0.86583604649162,0.9999937309927944,0,0,0.6922077538606903,0.0997192490433629,CCL13;GOLGA8K;GOLGA8J;MAP6;GOLGA8M;KDELR3;GOLGA8N
GO_Cellular_Component_2023,Sperm Flagellum (GO:0036126),7/60,0.86583604649162,0.9999937309927944,0,0,0.6922077538606903,0.0997192490433629,DNAH17;TTLL3;DNAH8;CCDC181;CABCOCO1;DNALI1;SPACA9
GO_Cellular_Component_2023,Cytoplasmic Dynein Complex (GO:0005868),2/21,0.8718976624236034,0.9999937309927944,0,0,0.5519407894736842,0.0756618215348963,DYNC2H1;DYNLRB2
GO_Cellular_Component_2023,Asymmetric Synapse (GO:0032279),17/133,0.8743305158403526,0.9999937309927944,0,0,0.7675905375412765,0.1030849607589312,GRIA2;NTRK2;NLGN1;NLGN4X;HOMER2;MAGI2;IQSEC3;FOXM1;SHISA8;GRIN2B;INSYN2B;SAMD14;CDK5;NETO1;GPER1;SYNDIG1;CDK5R1
GO_Cellular_Component_2023,Cul4A-RING E3 Ubiquitin Ligase Complex (GO:0031464),1/12,0.8768422290612589,0.9999937309927944,0,0,0.4767544233336173,0.0626589762926393,TNFSF13B
GO_Cellular_Component_2023,SUMO Ligase Complex (GO:0106068),1/12,0.8768422290612589,0.9999937309927944,0,0,0.4767544233336173,0.0626589762926393,SMC6
GO_Cellular_Component_2023,npBAF Complex (GO:0071564),1/12,0.8768422290612589,0.9999937309927944,0,0,0.4767544233336173,0.0626589762926393,SMARCA4
GO_Cellular_Component_2023,GBAF Complex (GO:0140288),1/13,0.8965713618982466,0.9999937309927944,0,0,0.4369988545246277,0.047710393735963,SMARCA4
GO_Cellular_Component_2023,RISC Complex (GO:0016442),1/13,0.8965713618982466,0.9999937309927944,0,0,0.4369988545246277,0.047710393735963,XPO5
GO_Cellular_Component_2023,Clathrin Coat Of trans-Golgi Network Vesicle (GO:0030130),1/13,0.8965713618982466,0.9999937309927944,0,0,0.4369988545246277,0.047710393735963,AP1S3
GO_Cellular_Component_2023,Microvillus Membrane (GO:0031528),1/13,0.8965713618982466,0.9999937309927944,0,0,0.4369988545246277,0.047710393735963,SLC7A5
GO_Cellular_Component_2023,Septin Cytoskeleton (GO:0032156),1/13,0.8965713618982466,0.9999937309927944,0,0,0.4369988545246277,0.047710393735963,SEPTIN6
GO_Cellular_Component_2023,Septin Ring (GO:0005940),1/13,0.8965713618982466,0.9999937309927944,0,0,0.4369988545246277,0.047710393735963,SEPTIN6
GO_Cellular_Component_2023,Golgi-associated Vesicle Membrane (GO:0030660),2/23,0.9027746617857036,0.9999937309927944,0,0,0.4993154761904761,0.0510711356733001,RASSF9;KDELR3
GO_Cellular_Component_2023,Coated Vesicle (GO:0030135),9/79,0.9037333037582488,0.9999937309927944,0,0,0.6735806004205629,0.068180488539371,TMED9;F8;COL7A1;CTSZ;SLC2A4;CTSC;VAMP2;F5;HSPD1
GO_Cellular_Component_2023,cullin-RING Ubiquitin Ligase Complex (GO:0031461),22/174,0.9099353235261282,0.9999937309927944,0,0,0.7576381992717643,0.0715072229366002,UBE2C;FBXO2;CCNF;KLHDC1;BUB1B;NCCRP1;FBXO32;KCTD5;CKS1B;TNFSF13B;CDC20;SPSB1;UBE2S;ENC1;CKS2;FBXO6;PRAME;KCTD17;KBTBD8;DCAF13;FBXL6;SPSB4
GO_Cellular_Component_2023,Cell-Cell Junction (GO:0005911),40/299,0.9107202938386956,0.9999937309927944,0,0,0.807806993765248,0.075545674549087,COL17A1;SPTBN4;CDCA3;COL13A1;AHNAK;HEPACAM;PTPRJ;FOXM1;RASIP1;RND1;TMEM47;CHAF1B;SH3BP1;CCDC85A;PGM5;ECT2;PDLIM4;S100A11;JAM2;CD53;MAGI1;SORBS1;CLDN11;CLDN5;TIAM1;GJB2;RAP2B;AJM1;SAPCD2;GJB3;CLDN19;CDH12;FAT2;DSG1;VSIG10L2;FGFR4;AJUBA;DSC1;FERMT2;LIMS2
GO_Cellular_Component_2023,Ino80 Complex (GO:0031011),1/14,0.9131407821068276,0.9999937309927944,0,0,0.4033595270708672,0.0366513493449278,TFPT
GO_Cellular_Component_2023,RSC-type Complex (GO:0016586),1/14,0.9131407821068276,0.9999937309927944,0,0,0.4033595270708672,0.0366513493449278,SMARCA4
GO_Cellular_Component_2023,Acrosomal Membrane (GO:0002080),1/14,0.9131407821068276,0.9999937309927944,0,0,0.4033595270708672,0.0366513493449278,SERPINA5
GO_Cellular_Component_2023,Organelle Outer Membrane (GO:0031968),21/170,0.9248272771472787,0.9999937309927944,0,0,0.7376621677789054,0.0576470342904385,AOC1;TIGAR;TOMM40;RSAD2;MAOB;MYOC;BCL2A1;PDE2A;ACSL3;KMO;ACACB;HK2;CYP27B1;CASP8;GPAM;RAC2;HMOX1;BAX;VDAC1;DHCR7;BAK1
GO_Cellular_Component_2023,TIM23 Mitochondrial Import Inner Membrane Translocase Complex (GO:0005744),1/15,0.9270563981997106,0.9999937309927944,0,0,0.3745258178247869,0.0283669134461575,TIMM17A
GO_Cellular_Component_2023,U2-type Prespliceosome (GO:0071004),1/15,0.9270563981997106,0.9999937309927944,0,0,0.3745258178247869,0.0283669134461575,SNRPG
GO_Cellular_Component_2023,Axonal Growth Cone (GO:0044295),1/15,0.9270563981997106,0.9999937309927944,0,0,0.3745258178247869,0.0283669134461575,KIF5C
GO_Cellular_Component_2023,Chitosome (GO:0045009),1/15,0.9270563981997106,0.9999937309927944,0,0,0.3745258178247869,0.0283669134461575,DCT
GO_Cellular_Component_2023,Melanosome Membrane (GO:0033162),1/15,0.9270563981997106,0.9999937309927944,0,0,0.3745258178247869,0.0283669134461575,DCT
GO_Cellular_Component_2023,Pigment Granule Membrane (GO:0090741),1/15,0.9270563981997106,0.9999937309927944,0,0,0.3745258178247869,0.0283669134461575,DCT
GO_Cellular_Component_2023,Prespliceosome (GO:0071010),1/15,0.9270563981997106,0.9999937309927944,0,0,0.3745258178247869,0.0283669134461575,SNRPG
GO_Cellular_Component_2023,P-body (GO:0000932),9/83,0.9308518247968814,0.9999937309927944,0,0,0.637018477920451,0.0456456682271673,TRIM71;ZC3H12D;MEX3A;FAM184A;APOBEC3H;AJUBA;CNOT9;AICDA;APOBEC3B
GO_Cellular_Component_2023,Euchromatin (GO:0000791),4/44,0.9374047800200488,0.9999937309927944,0,0,0.5240150093808631,0.0338723796076645,H2AZ1;UHRF1;ESR1;H1-2
GO_Cellular_Component_2023,Protein Phosphatase Type 2A Complex (GO:0000159),1/16,0.938743138104525,0.9999937309927944,0,0,0.3495366031448506,0.0220953920547751,PPP2R2C
GO_Cellular_Component_2023,Monoatomic Ion Channel Complex (GO:0034702),3/36,0.9425986314369016,0.9999937309927944,0,0,0.4764272926198528,0.0281638642864654,CHRNA1;TRPM2;CHRNB4
GO_Cellular_Component_2023,Mitochondrial Respiratory Chain Complex IV (GO:0005751),1/17,0.9485579079421648,0.9999937309927944,0,0,0.3276710402999063,0.0173051069406189,COX6C
GO_Cellular_Component_2023,Nuclear Membrane (GO:0031965),28/227,0.9502127445681392,0.9999937309927944,0,0,0.7358341803535636,0.0375785937605649,JPT1;NUP205;CEMIP;NRXN1;MRGPRF;DTX2;TMEM97;LMNB2;KLK6;PHF8;CEP128;LMNB1;SH3BGRL2;KPNA2;TXNL4A;SLC16A3;GCH1;SMOX;OSBPL3;TMC8;TMC6;GARS1;CENPF;DPY19L2;GLB1;NOS1AP;DHCR7;GAPDH
GO_Cellular_Component_2023,Catenin Complex (GO:0016342),2/28,0.95221221531665,0.9999937309927944,0,0,0.4031730769230769,0.0197423186939173,CDH23;CDH12
GO_Cellular_Component_2023,U1 snRNP (GO:0005685),1/18,0.956800478240166,0.9999937309927944,0,0,0.3083778966131907,0.0136180900175748,SNRPG
GO_Cellular_Component_2023,SWI/SNF Complex (GO:0016514),2/29,0.958664103629175,0.9999937309927944,0,0,0.3882175925925926,0.0163884202418261,BCL11B;SMARCA4
GO_Cellular_Component_2023,Nuclear Outer Membrane (GO:0005640),1/19,0.963722627913404,0.9999937309927944,0,0,0.2912284355583324,0.0107614021359222,DHCR7
GO_Cellular_Component_2023,Respiratory Chain Complex IV (GO:0045277),1/19,0.963722627913404,0.9999937309927944,0,0,0.2912284355583324,0.0107614021359222,COX6C
GO_Cellular_Component_2023,Microbody Lumen (GO:0031907),4/49,0.9651568977429732,0.9999937309927944,0,0,0.4656521437009241,0.0165141681910414,AOC1;NUDT7;CAT;HAO2
GO_Cellular_Component_2023,Peroxisomal Matrix (GO:0005782),4/49,0.9651568977429732,0.9999937309927944,0,0,0.4656521437009241,0.0165141681910414,AOC1;NUDT7;CAT;HAO2
GO_Cellular_Component_2023,Melanosome (GO:0042470),2/31,0.9691505608890004,0.9999937309927944,0,0,0.3614008620689655,0.0113246049994293,DCT;APOE
GO_Cellular_Component_2023,Nuclear Inner Membrane (GO:0005637),2/31,0.9691505608890004,0.9999937309927944,0,0,0.3614008620689655,0.0113246049994293,GARS1;DPY19L2
GO_Cellular_Component_2023,Cilium (GO:0005929),31/257,0.9695111341935098,0.9999937309927944,0,0,0.7168560209643254,0.0221962422961599,CLXN;TEDC1;TEDC2;TTC23;INTU;DNAH5;NPY2R;GPR88;PKD2L1;CFAP300;GLI3;DNALI1;ADCY5;CFAP69;CFAP47;NPHP3;DRD2;DYNC2H1;DNAI4;PDGFRA;DNAH11;DNAH17;CFAP91;WDR19;LCA5;DCDC2;CYRIB;MLF1;TTLL3;DYNLRB2;TTLL9
GO_Cellular_Component_2023,Platelet Dense Granule (GO:0042827),1/20,0.9695358254319002,0.9999937309927944,0,0,0.2758841809303013,0.0085352640965771,ITPR1
GO_Cellular_Component_2023,Golgi Membrane (GO:0000139),55/427,0.9705239400763792,0.9999937309927944,0,0,0.7717112388996519,0.0230889897683146,GALNT12;CHPF;PGAP4;PROS1;SLC2A1;SPRING1;GLIPR2;B3GALT1;AP1S3;WLS;HLA-DPA1;GBP5;ST6GAL1;TMED9;ST6GAL2;CHPF2;ATG9B;ZDHHC15;B3GNT7;TLR8;KDELR3;B4GALT6;HLA-DQB2;COPB2;HS3ST3A1;SH2D2A;PDGFA;ABO;FUT3;APOO;FUT7;CHST11;FUT9;PDGFD;DSEL;ST8SIA4;GCNT3;CHST13;NCAM1;HLA-DQA2;ST3GAL1;CYTH1;SLC35A2;WSCD1;ABCA6;WSCD2;ST8SIA2;CAV1;NMNAT2;HS3ST2;MYMX;DOP1B;HLA-DRA;COPG1;FOLR1
GO_Cellular_Component_2023,Golgi Cisterna (GO:0031985),4/51,0.972632690794323,0.9999937309927944,0,0,0.4457839341077535,0.0123699557773954,GOLGA8K;GOLGA8J;GOLGA8M;GOLGA8N
GO_Cellular_Component_2023,Sin3 Complex (GO:0016580),1/21,0.9744176814041106,0.9999937309927944,0,0,0.2620743517650734,0.0067917187413093,SAP30
GO_Cellular_Component_2023,Sin3-type Complex (GO:0070822),1/21,0.9744176814041106,0.9999937309927944,0,0,0.2620743517650734,0.0067917187413093,SAP30
GO_Cellular_Component_2023,Mitochondrial Outer Membrane Translocase Complex (GO:0005742),1/21,0.9744176814041106,0.9999937309927944,0,0,0.2620743517650734,0.0067917187413093,TOMM40
GO_Cellular_Component_2023,Clathrin-Coated Vesicle (GO:0030136),7/78,0.9754023421502614,0.9999937309927944,0,0,0.5161630188013842,0.0128551610176888,TMED9;CEMIP;AP2S1;CTLA4;SLC2A4;UNC13D;VAMP2
GO_Cellular_Component_2023,Cul2-RING Ubiquitin Ligase Complex (GO:0031462),1/23,0.9819601685828104,0.9999937309927944,0,0,0.2382210104796796,0.004336702240602,PRAME
GO_Cellular_Component_2023,Core Mediator Complex (GO:0070847),1/23,0.9819601685828104,0.9999937309927944,0,0,0.2382210104796796,0.004336702240602,MED14
GO_Cellular_Component_2023,Acrosomal Vesicle (GO:0001669),5/64,0.9829570529725514,0.9999937309927944,0,0,0.4437157716715353,0.0076274073547342,IL4I1;SPESP1;KNL1;SERPINA5;SPACA9
GO_Cellular_Component_2023,Cul4-RING E3 Ubiquitin Ligase Complex (GO:0080008),2/35,0.9829701144906208,0.9999937309927944,0,0,0.3175189393939394,0.0054538836364151,DCAF13;TNFSF13B
GO_Cellular_Component_2023,U4/U6 X U5 tri-snRNP Complex (GO:0046540),2/35,0.9829701144906208,0.9999937309927944,0,0,0.3175189393939394,0.0054538836364151,SNRPG;TXNL4A
GO_Cellular_Component_2023,Pigment Granule (GO:0048770),1/24,0.9848513081449054,0.9999937309927944,0,0,0.2278499925295084,0.003478040227073,DCT
GO_Cellular_Component_2023,Spliceosomal tri-snRNP Complex (GO:0097526),2/36,0.9853448724926,0.9999937309927944,0,0,0.3081617647058823,0.0045495692425671,SNRPG;TXNL4A
GO_Cellular_Component_2023,Early Endosome (GO:0005769),36/307,0.9865541487851046,0.9999937309927944,0,0,0.6934518745061108,0.0093873032580063,CD274;CNTNAP2;DYSF;PCSK9;CXCR4;TMEM163;HSPD1;LAMP5;LAMP3;GPER1;LIPG;SYNDIG1;AP1S3;APOE;APOB;FCGR1A;PDLIM4;WLS;AOC3;NTRK1;NTRK2;MME;SLC31A1;CAV1;KREMEN2;AP3B2;SNX20;BAIAP3;CLIP3;EHD2;ENTREP1;CD4;RAB31;DOP1B;ATP6V0D2;CD22
GO_Cellular_Component_2023,trans-Golgi Network (GO:0005802),27/241,0.986744626354867,0.9999937309927944,0,0,0.6590153800868349,0.0087939079907527,GRN;SLC2A4;TMEM165;MMP24;FUT7;FUT9;GPER1;CA4;AP1S3;CHAC1;MARCHF4;HLA-DQA2;ST3GAL1;WLS;HLA-DPA1;POSTN;MME;EIPR1;ATG9B;BAIAP3;CLIP3;RAB31;DOP1B;HLA-DRA;LGR6;HLA-DQB2;VAMP2
GO_Cellular_Component_2023,INO80-type Complex (GO:0097346),1/25,0.9872791580882232,0.9999937309927944,0,0,0.2183432260751848,0.002795327054836,TFPT
GO_Cellular_Component_2023,U2 snRNP (GO:0005686),1/25,0.9872791580882232,0.9999937309927944,0,0,0.2183432260751848,0.002795327054836,SNRPG
GO_Cellular_Component_2023,Adherens Junction (GO:0005912),15/150,0.9873695345812404,0.9999937309927944,0,0,0.5809364431893456,0.0073842295756494,MAGI1;SPTBN4;CDCA3;SORBS1;RND1;CHAF1B;SH3BP1;CCDC85A;CDH12;FAT2;PGM5;AJUBA;PDLIM4;S100A11;FERMT2
GO_Cellular_Component_2023,Late Endosome (GO:0005770),22/205,0.9881780834784016,0.9999937309927944,0,0,0.6281231742103996,0.0074698612847456,NTRK1;GRN;SPAAR;SLC11A1;MAGI2;DYSF;PCSK9;CXCR4;CST7;GRIN2B;CTSS;BAIAP3;CD79A;ENTREP1;PIP4P2;HLA-DMB;CTSL;IL12B;HLA-DRA;LRAT;RAB9B;LGMN
GO_Cellular_Component_2023,Late Endosome Membrane (GO:0031902),7/85,0.9882604535059172,0.9999937309927944,0,0,0.4696440752778781,0.0055460264464395,ENTREP1;PIP4P2;SPAAR;HLA-DMB;SLC11A1;HLA-DRA;BAIAP3
GO_Cellular_Component_2023,Recycling Endosome (GO:0055037),16/159,0.9884982240863084,0.9999937309927944,0,0,0.5849016018507543,0.0067663949618229,CD274;USP6;TFRC;SLC31A1;ATG9B;RASSF9;BAIAP3;LAMP5;CLIP3;EHD2;ENTREP1;RAP2B;GPER1;PDLIM4;RAB11FIP4;CD22
GO_Cellular_Component_2023,Azurophil Granule Membrane (GO:0035577),4/58,0.988567110907166,0.9999937309927944,0,0,0.3878349894610057,0.0044596164272723,PIGR;NFAM1;LPCAT1;CKAP4
GO_Cellular_Component_2023,Endoplasmic Reticulum Tubular Network (GO:0071782),1/26,0.9893179378532764,0.9999937309927944,0,0,0.2095970009372071,0.0022509722216635,REEP4
GO_Cellular_Component_2023,Vacuolar Membrane (GO:0005774),4/59,0.9899391079346286,0.9999937309927944,0,0,0.3807607027119222,0.0038501931629392,SLC36A1;VMP1;ATP6V0D2;ATP6V1B1
GO_Cellular_Component_2023,Mitochondrial Envelope (GO:0005740),14/146,0.9910191021137008,0.9999937309927944,0,0,0.5544561043306339,0.0050020086922969,MAOB;MYOC;IFI6;ABCB8;TMEM70;SLC25A27;AIFM1;GPAM;GPER1;CYCS;FLVCR2;VDAC1;ABCD1;IKBKE
GO_Cellular_Component_2023,Ribosome (GO:0005840),4/61,0.9922254383729604,0.9999937309927944,0,0,0.3673567909768166,0.0028671981132241,MRPS12;RRBP1;NR0B1;MRPL13
GO_Cellular_Component_2023,U12-type Spliceosomal Complex (GO:0005689),1/28,0.9924676334236974,0.9999937309927944,0,0,0.1940481562474689,0.0014671744573521,SNRPG
GO_Cellular_Component_2023,Polysomal Ribosome (GO:0042788),1/28,0.9924676334236974,0.9999937309927944,0,0,0.1940481562474689,0.0014671744573521,NR0B1
GO_Cellular_Component_2023,Endosome Membrane (GO:0010008),42/361,0.9927476570971554,0.9999937309927944,0,0,0.6865977540573787,0.004997586438433,RET;CD274;SPAAR;TFRC;PCSK9;SLA2;TMEM163;TMEM165;LAMP5;PIP4P2;HLA-DMB;IRAK1;SYNDIG1;AP2S1;APOB;SLC15A3;FCGR1A;CTSD;RAB11FIP4;WLS;NTRK1;TASL;ATP6V0B;SLC31A1;SLC11A1;ATG9B;CAV1;KREMEN2;SNX20;BAIAP3;CLIP3;EHD2;DCSTAMP;ENTREP1;RAP2B;RAB31;DOP1B;IRF7;TLR8;HLA-DRA;ATP6V0D2;MYD88
GO_Cellular_Component_2023,Mitochondrial Matrix (GO:0005759),41/355,0.9933007628600332,0.9999937309927944,0,0,0.6809140862864892,0.0045769531585733,DMGDH;ARHGAP11B;MRPS12;NUDT1;MRPL37;MRPL13;DHTKD1;HSPD1;TP53AIP1;CCNB1;MTHFD1L;PDK4;ME3;PDSS1;TK1;ME2;BCO2;ACADS;AASS;PDK1;ADHFE1;GPT2;MARS2;PDE2A;GSR;IDH2;PYCR1;DARS2;HOGA1;TFB2M;HSPE1;ETNPPL;GARS1;KRT17;MTHFD2;SCO2;BOLA3;FASTKD5;CDK1;PYROXD2;NAGS
GO_Cellular_Component_2023,H4/H2A Histone Acetyltransferase Complex (GO:0043189),1/29,0.9936748621609536,0.9999937309927944,0,0,0.1871067077252644,0.0011872343983262,POTEKP
GO_Cellular_Component_2023,NuA4 Histone Acetyltransferase Complex (GO:0035267),1/29,0.9936748621609536,0.9999937309927944,0,0,0.1871067077252644,0.0011872343983262,POTEKP
GO_Cellular_Component_2023,U2-type Catalytic Step 2 Spliceosome (GO:0071007),1/29,0.9936748621609536,0.9999937309927944,0,0,0.1871067077252644,0.0011872343983262,SNRPG
GO_Cellular_Component_2023,Protein Serine/Threonine Phosphatase Complex (GO:0008287),1/29,0.9936748621609536,0.9999937309927944,0,0,0.1871067077252644,0.0011872343983262,PPP2R2C
GO_Cellular_Component_2023,Microbody Membrane (GO:0031903),3/53,0.99414654821399,0.9999937309927944,0,0,0.3141231634885902,0.0018441072696842,AOC1;CAT;PJVK
GO_Cellular_Component_2023,Peroxisomal Membrane (GO:0005778),3/53,0.99414654821399,0.9999937309927944,0,0,0.3141231634885902,0.0018441072696842,AOC1;CAT;PJVK
GO_Cellular_Component_2023,Golgi Stack (GO:0005795),1/31,0.9955398175929822,0.9999937309927944,0,0,0.1746121003852962,0.000780543798905909,MARCHF4
GO_Cellular_Component_2023,Intracellular Non-Membrane-Bounded Organelle (GO:0043232),160/1195,0.995836841234528,0.9999937309927944,0,0,0.8010493985967787,0.0033418570027801,JPT1;RIPOR2;PRDM5;FOXI1;HJURP;BUB1B;PRDM1;MKI67;CDC20;LIPE;RPS6KA6;BASP1;RCC1;FBXO5;MNX1;MAGI1;CCDC78;RSAD2;CD180;ZFP69B;ARID5A;ACSL3;ESCO2;HASPIN;PIMREG;ILF2;TRAIP;MYCL;BIN2;FANCD2;JTB;ADAM8;KIF20A;MAD1L1;KANK3;IPPK;BLM;CDCA2;CDCA5;CDCA8;ABCB8;AK5;HMMR;PKMYT1;MRPL13;MACROH2A1;PPL;RAD51AP1;CNN1;RACGAP1;IRAK1;LPXN;PLK4;CAV1;PYHIN1;PLK1;CDC6;CIDEC;SMARCA4;ISG20;MFHAS1;TPX2;PARVG;UBE2T;INTS7;CEP85;HOXD9;FERMT3;TOP2A;FEN1;DYRK2;EDA;MRPS12;HILPDA;TCHH;LPCAT1;MCM10;KIF11;LDB2;FMN2;STON2;FOXM1;FBLL1;GLI3;TNFSF13B;PHF8;OASL;CASP8;CPT2;GPER1;HORMAD1;SCN5A;ABCC4;CNTD1;PARP1;RIPK2;NSUN2;TEX11;MARS1;EN2;KIF23;URB2;TUBG2;SMC1A;CKAP4;CLDN11;FGR;ARL4A;ANKFN1;GPRC5A;SAPCD2;ITPKA;DCX;KIF2C;ALDOC;LCP1;GAPDH;PLIN5;MCM2;CSTB;NRXN1;HSD17B13;RRBP1;TTK;NOD2;AURKB;FBXL22;AURKA;RECQL4;NWD1;MXI1;BEND3;SHOC1;PDLIM4;DCAF13;E2F8;ADAD2;GSN;STAT1;TAF13;G0S2;BYSL;VMP1;CENPE;BOP1;CENPF;FABP4;CENPH;NOVA1;PRC1;SPRY2;PTPN6;EPPK1;MNDA;BMAL2;TRIP13;NOP53;SPC24;NEK11;PNPLA2
GO_Cellular_Component_2023,Endoplasmic Reticulum Membrane (GO:0005789),102/801,0.9964992411762424,0.9999937309927944,0,0,0.757809774331995,0.0026575637179075,ERO1A;TUSC3;PROS1;MSMO1;ZDHHC1;CYP46A1;LCLAT1;PSMD2;LRAT;SLC39A7;FADS1;NOMO2;PDGFRA;RSAD2;ATG9B;ALG3;TAP1;CYBA;ACSL3;PDIA6;PDIA5;CYP39A1;SOAT1;KDELR3;SIK2;SLC27A4;COPB2;RPN2;SH2D2A;ITPR1;TGFA;CYP4F22;SEL1L2;APOO;HMOX1;APOB;HLA-DQA2;SLC37A2;SLC37A1;SRD5A1;CAV1;SLC16A11;CYP4F11;GRIN2B;CYP4F12;DNAJC18;SQLE;MYMX;NCEH1;REEP4;CYP2S1;CALU;CDK1;NOX4;HLA-DRA;SRPRB;CALR;DHCR7;RNF186;MOXD1;SRXN1;ATP2A3;LPCAT1;FMN2;RYR3;JPH2;SPTLC3;RAC2;FLVCR2;XXYLT1;ABCD1;HLA-DPA1;SEC13;TMED9;ELOVL2;RHBDF2;PLAUR;TRDN;DCSTAMP;NOS1AP;CASQ2;RDH5;TLR8;HLA-DQB2;GRAMD1C;CYP3A4;SELENOI;SEC24A;FMO2;SGPP2;VMP1;CD4;DHRS9;GLB1;POMK;BAX;COPG1;SEC24D;PLCD4;FOLR1;LPIN3;PNPLA2
GO_Cellular_Component_2023,Golgi-associated Vesicle (GO:0005798),2/47,0.9972838922247192,0.9999937309927944,0,0,0.2326805555555555,0.0006328452936961391,TMED9;MAP6
GO_Cellular_Component_2023,Autophagosome Membrane (GO:0000421),1/35,0.997781901192849,0.9999937309927944,0,0,0.1540327471194663,0.0003420393315553327,VMP1
GO_Cellular_Component_2023,U2-type Precatalytic Spliceosome (GO:0071005),2/49,0.998011393607432,0.9999937309927944,0,0,0.222752659574468,0.0004434083914412496,SNRPG;TXNL4A
GO_Cellular_Component_2023,Autophagosome (GO:0005776),5/83,0.9983771239263898,0.9999937309927944,0,0,0.3352501944932348,0.0005445114762444897,VMP1;HSPA8;RUFY4;ATG9B;FTL
GO_Cellular_Component_2023,Mitochondrial Intermembrane Space (GO:0005758),3/62,0.9983813069907346,0.9999937309927944,0,0,0.2660630175743479,0.0004310232879521803,AIFM1;MYOC;CYCS
GO_Cellular_Component_2023,Ciliary Membrane (GO:0060170),1/38,0.9986860435436736,0.9999937309927944,0,0,0.1415182755388941,0.00018607112329771587,DRD2
GO_Cellular_Component_2023,Precatalytic Spliceosome (GO:0071011),2/52,0.9987570232235252,0.9999937309927944,0,0,0.20935,0.0002603790442520249,SNRPG;TXNL4A
GO_Cellular_Component_2023,Cytoplasmic Stress Granule (GO:0010494),4/76,0.998956993470717,0.9999937309927944,0,0,0.2905635466611076,0.00030321783293156134,RBPMS;CIRBP;G3BP2;LARP1B
GO_Cellular_Component_2023,Cytosolic Small Ribosomal Subunit (GO:0022627),1/41,0.9992212232741604,0.9999937309927944,0,0,0.1308809746954077,0.00010196676677587677,MRPS12
GO_Cellular_Component_2023,Organelle Envelope Lumen (GO:0031970),3/68,0.9993258486497194,0.9999937309927944,0,0,0.2414167889003775,0.00016280633844214075,AIFM1;MYOC;CYCS
GO_Cellular_Component_2023,Small Ribosomal Subunit (GO:0015935),1/42,0.9993457069970336,0.9999937309927944,0,0,0.1276811362302939,8.356821607808463e-05,MRPS12
GO_Cellular_Component_2023,Transcription Factor TFIID Complex (GO:0005669),1/42,0.9993457069970336,0.9999937309927944,0,0,0.1276811362302939,8.356821607808463e-05,TAF13
GO_Cellular_Component_2023,Spliceosomal snRNP Complex (GO:0097525),2/57,0.9994346837097444,0.9999937309927944,0,0,0.1902613636363636,0.000107588261834492,SNRPG;TXNL4A
GO_Cellular_Component_2023,Lytic Vacuole Membrane (GO:0098852),27/287,0.99959911027954,0.9999937309927944,0,0,0.540915808600848,0.00021689106490688337,GRN;SPAAR;AHNAK;PCSK9;LRP2;SLC2A6;TMEM165;PIP4P2;HLA-DMB;PGAP6;AP1S3;SLC15A3;HLA-DQA2;CTSD;HLA-DOB;ABCD1;HLA-DPA1;SLC36A1;HSPA8;ATP6V0B;SEC13;LAPTM5;MCOLN2;GPR137B;HLA-DRA;ATP6V0D2;HLA-DQB2
GO_Cellular_Component_2023,Small-Subunit Processome (GO:0032040),3/73,0.9996775009886552,0.9999937309927944,0,0,0.2241057473317554,7.228553858513766e-05,MRPS12;FBLL1;DCAF13
GO_Cellular_Component_2023,Lysosomal Membrane (GO:0005765),35/356,0.9997382176215954,0.9999937309927944,0,0,0.5672742760968594,0.00014852185025426569,PIGR;GRN;SPAAR;AHNAK;LPCAT1;PCSK9;LRP2;SLC2A6;TMEM165;PIP4P2;HLA-DMB;PGAP6;AP2S1;AP1S3;SLC15A3;HLA-DQA2;CTSD;HLA-DOB;ABCD1;HLA-DPA1;CTSA;SLC36A1;HSPA8;TASL;ATP6V0B;SEC13;NFAM1;LAPTM5;MCOLN2;GPR137B;CKAP4;TLR8;HLA-DRA;ATP6V0D2;HLA-DQB2
GO_Cellular_Component_2023,Peroxisome (GO:0005777),7/129,0.999937928512136,0.9999937309927944,0,0,0.2994740757843967,1.8589378401814217e-05,IDI1;AOC1;NUDT7;CAT;PJVK;PLAAT3;HAO2
GO_Cellular_Component_2023,Mitochondrial Membrane (GO:0031966),52/540,0.999988773701604,0.9999937309927944,0,0,0.5517304189435337,6.193925084642609e-06,SLC27A1;MCUB;MRPS12;MRPL37;HK2;IMMP2L;CASP8;AIFM1;CPT2;GPER1;RAC2;TIMM17A;FLVCR2;IKBKE;ABCD1;MYOC;RSAD2;ACSL3;KMO;SCO2;SLC25A19;VDAC1;MICU3;SLC25A5;SLC25A13;TOMM40;MAOB;BCL2A1;UCP1;IFI6;ABCB8;MRPL13;ACACB;TMEM70;HSPD1;CKMT2;SLC25A27;APOO;CYP27B1;UCP2;HMOX1;BAK1;CYC1;AOC1;TIGAR;PDE2A;COX6C;COQ2;GPAM;CYCS;BAX;ALDH18A1
GO_Cellular_Component_2023,Mitochondrial Inner Membrane (GO:0005743),31/370,0.9999898659625852,0.9999937309927944,0,0,0.47464531535328,4.810097757440697e-06,SLC27A1;TOMM40;MCUB;MRPS12;IFI6;UCP1;MRPL37;MRPL13;TMEM70;HSPD1;CKMT2;SLC25A27;APOO;IMMP2L;AIFM1;CPT2;UCP2;TIMM17A;CYC1;RSAD2;MYOC;PDE2A;COX6C;COQ2;SCO2;SLC25A19;CYCS;MICU3;ALDH18A1;SLC25A5;SLC25A13
GO_Cellular_Component_2023,Intracellular Membrane-Bounded Organelle (GO:0043231),651/5175,0.999989925848684,0.9999937309927944,0,0,0.69236332139994,6.975007999162299e-06,SPI1;TFRC;SCX;SMC6;SLA2;SMC4;ZC3H12D;GPR174;H2AC13;HOXA9;LIPJ;CREB3L1;PSMD2;CREB3L2;PSMD1;HOXA2;LIPK;UBASH3A;AP1S3;HOXA6;MNX1;CMKLR2;HOXA5;HOXA4;HES6;NKX2-8;PRKCB;DAPK1;STARD9;MRTFB;BHLHA15;AARSD1;PASK;WDR76;UNC13D;RBP7;DEPDC1B;ABCA10;ISL2;DDX39A;RFX6;PADI4;ANKK1;ATF5;PRR11;ASF1B;ZNF395;CDCA2;CRABP2;PDXDC1;CDCA4;CDCA5;HSPA4L;AGAP2;NCAPG;SLCO5A1;GATA4;WDR62;GATA3;PRDM11;SAMSN1;HIF1A;LDHA;HSPH1;PRDX4;PRDX1;SYNDIG1;HMOX1;ALX4;S100A11;HOXC6;GSTM3;ABCA6;PLK2;ABCA3;PLK1;ABCA4;NR2F1;ABCA9;NR0B1;SLC16A10;CDC7;NR1D1;ABCA8;CDC6;LARP6;ST18;NFATC4;H1-2;FAM111B;FOSL1;SQLE;EHD2;CPEB1;GJB3;NOX4;PYDC1;PLCH1;ZBTB8B;HOXD9;FERMT2;CDK16;EZH2;CDKN1C;DENND1C;ITK;TGFB1I1;NCAPG2;BHLHE41;TCF21;PTH1R;FMN2;HOXC11;GLI3;HOXC10;PHF8;SERPINA5;TUBA1C;CHAF1B;MED14;CHAF1A;HEY1;AIFM1;CSRP1;HEY2;PBK;OLR1;GPRASP1;IKBKE;GPRASP2;ZNF367;DLGAP5;HLA-DPA1;TCF19;HELLS;RMI2;TPI1;TCF15;NSUN2;TESC;EN2;EN1;PAX6;BAZ1A;MMP12;PSMA5;SLC7A5;TUBB2B;GPRC5A;KIFC1;ITPKA;TET3;HCLS1;CRYAB;VAMP2;PLIN5;CCL13;SAMD9;AHNAK;SPESP1;SYNPO2;HOXD10;CENPA;ASCL2;TMEM165;RECQL4;GLRA3;HLA-DMB;AP2S1;PRAME;CHML;MISP;ZNF101;RIC3;CENPU;EGLN3;TIGAR;GSN;CDKN2A;STAT1;ATAD2;POU4F1;TUBB4A;BYSL;CENPE;CENPF;FABP4;CENPH;DHRS9;WT1;ZNF219;CDKN3;ERO1A;MYLK2;PHLDB1;CSF2;IRS1;RTKN2;FAM107A;SALL2;LAMP3;NEK2;KPNA2;TXNL4A;FADS1;CDKL2;TLE2;MAGI2;GOLGA8K;ZFP69B;ZBTB32;GOLGA8J;GOLGA8M;CDC25C;FOXP3;ILF2;GOLGA8N;FOXP2;CDC25A;SAP30;TRAIP;CLIP3;MAPKAPK2;SNRPG;PGR;PPEF1;AJUBA;DGKI;IPPK;LRRC59;BLM;DNMT1;GPR88;ITPR1;FOXO4;AK5;MACROH2A1;CORO1A;BCL2L12;RAD51AP1;ORC1;NACC1;NDN;SMYD1;SLC15A3;OSBPL3;FANCA;FBXO32;MCC;CYP4F12;AICDA;NDC80;TRMT9B;MLXIPL;P4HA1;CDK5;LHX2;ARPC3;NFE2L3;CDK1;HPSE;MYD88;PIWIL2;ARHGAP11A;CALCOCO1;ONECUT2;FHL1;MCM10;FASLG;PTPN22;FOXM1;TNFSF13B;GM2A;EXO1;PPP6R1;ME2;NKX3-2;ACTR3;TASL;ACTR2;RFC4;DST;SMC1A;ADRA2B;ASPM;ARL4A;ESPL1;SLC25A19;ESRP1;NOS1AP;MCM4;DSG1;BIRC5;MCM6;SLC25A5;GAPDH;MCM2;SPACA9;BIRC3;UHRF1;CEBPE;NLRC5;TTK;NLRC3;CYP3A4;BARX2;PPM1G;CDC45;SH3BP1;NOCT;E2F1;E2F3;STOX1;BEND6;H2AZ1;SKOR1;SMOX;GZMA;KCNIP3;DONSON;GZMB;HNRNPAB;TBX3;GZMH;RAD51;NOVA1;PRC1;POU2AF2;MNDA;PTPN6;SEC24D;NOP53;FOLR1;JPT1;CPNE7;GFI1;MT1M;AQP9;CCNF;FOXI1;NUDT1;PKD2L1;IKZF1;MKI67;IFI30;IKZF3;TPRXL;RASSF2;ADGRA2;RASSF5;CHEK1;PCLAF;RCC1;FBXO5;TP63;KRT4;P3H2;CIRBP;KNL1;ESCO2;HASPIN;RUNX2;CYP39A1;NEIL3;BTK;VDAC1;SIK1;SIK2;DNA2;KIF20A;KDELR3;PFN1;ADCYAP1R1;BEX1;MAGED1;SP140;TSHZ2;KLK3;TTBK1;CYP27B1;RACGAP1;CMYA5;ZBED2;MAP6;APOE;B4GALNT3;APOB;ZBED4;CTSA;EGR1;CDT1;BCL11B;DDIAS;APOBEC3H;XRCC2;PDE2A;MICAL2;AMMECR1;PTK6;PARP15;PARP12;SMARCA4;MANF;SRPK1;TPX2;CYP27C1;CYP2S1;ID4;INTS7;CALR;APOBEC3B;TOP2A;H2AX;HMX3;SUV39H2;TENM2;FEN1;CLIC3;CSRNP3;CITED1;PTPRN;MRPS12;MCUB;CTSZ;SLC7A14;OTUD7A;AKR1B1;GRIK1;KIF11;MEOX2;BRCA2;CTSS;LARP1B;CTSL;ENC1;XPO5;CTSH;CTSF;ACADS;AASS;CTSC;SEC13;SYK;PARP1;KIF23;TUBG2;AP3B2;MLF1;COMMD5;NME1;RAD51B;HCK;TFEC;DEPDC1;RDH5;MAPT;YAP1;CSTB;PCNA;WAS;FAAP24;CXCR4;HSD17B6;RELB;RAD54B;TCEAL7;TCEAL1;PURG;ADAD2;GINS1;H2BC9;GINS2;RANBP1;H2BC8;CAVIN1;GCH1;H2BC5;DMRT2;GINS3;GINS4;SORBS1;CFAP157;BATF;PER2;GARS1;PER1;DPY19L2;KRT15;STK17B;CAMK4;KRT14;TACC3;BMAL2;TRIP13;NEUROG2;MAD2L1;CDK5R1;CD84;PRDM5;PRDM1;YARS1;IGF1R;NR3C2;RGS2;PTTG1;BASP1;SVEP1;KNTC1;TGM2;KRT6A;PDGFRA;H2AC8;G6PD;MORC4;BORA;THEMIS;ARID5A;LMO7;POU3F1;POU3F3;ADAM19;SPOCD1;CCNE1;FANCD2;TIMELESS;DPEP1;NUPR2;LMX1B;PSMD14;STK4;ACACB;INAVA;NKAPL;CCNB2;CCNB1;IRAK1;LPXN;CYC1;CLSPN;ECT2;HSPA8;CBX7;UBE2C;CBX2;HMGA1;GGH;ISG15;POU2F2;ZFHX4;ESR1;ISG20;DIAPH1;KIF18A;DIAPH3;KIF18B;ARHGAP30;NR4A3;UBE2S;UBE2T;UBE2N;CYCS;MAN2B1;SAE1;ULBP2;FGF10;FGFR1;THRB;EDA;DYRK2;THRA;HSPB6;HSPB7;TNFAIP3;CGAS;LDB2;SOBP;RERG;HK2;LMNB1;RND1;CALB2;DTWD1;H2BC26;GPER1;SIX2;MYBL2;HORMAD1;CFAP45;CAMK1D;ETV1;OLIG1;TENT5B;YWHAZ;TENT5C;H2BC17;KLF15;ETV7;CCNA2;H2BC12;IQCN;H2BC13;DCT;OAS1;VGF;ELF4;OAS2;IRF4;OAS3;IRF1;CAT;H2BC11;IRF7;IRF8;IRF5;RBMS3;SASH3;OTUB2;LEF1;CAMK2A;USP18;AURKB;AURKA;TFPT;CBS;TBX21;FAM241A;MXI1;ATOH8;RGS22;BUB1;LURAP1;PDLIM4;GBP4;TCF7L2;TAF13;LIMK1;NAP1L2;ARID3A;ARID3B;TBX18;WARS1;TICRR;TEF;GLB1;RGS10;SPRY2;BAX;S100P;NAA15;LPIN3;BNIPL
GO_Cellular_Component_2023,Nucleus (GO:0005634),533/4487,0.9999901353936652,0.9999937309927944,0,0,0.6486975641382076,6.399177663222303e-06,SPI1;SCX;SMC6;SMC4;ZC3H12D;H2AC13;HOXA9;CREB3L1;PSMD2;CREB3L2;PSMD1;UBASH3A;HOXA6;MNX1;HOXA5;HOXA4;HES6;NKX2-8;PRKCB;DAPK1;STARD9;MRTFB;BHLHA15;AARSD1;PASK;WDR76;RBP7;DEPDC1B;ISL2;DDX39A;RFX6;PADI4;ANKK1;ATF5;PRR11;ASF1B;ZNF395;CDCA2;CRABP2;CDCA4;CDCA5;HSPA4L;AGAP2;NCAPG;GATA4;WDR62;GATA3;PRDM11;SAMSN1;HIF1A;LDHA;HSPH1;PRDX4;PRDX1;HMOX1;ALX4;S100A11;HOXC6;GSTM3;PLK2;PLK1;NR2F1;NR0B1;CDC7;NR1D1;CDC6;LARP6;ST18;NFATC4;H1-2;FAM111B;FOSL1;EHD2;CPEB1;NOX4;PYDC1;ZBTB8B;HOXD9;FERMT2;CDK16;EZH2;CDKN1C;ITK;NCAPG2;BHLHE41;TCF21;PTH1R;FMN2;HOXC11;GLI3;HOXC10;PHF8;TUBA1C;CHAF1B;MED14;CHAF1A;HEY1;AIFM1;CSRP1;HEY2;PBK;GPRASP1;IKBKE;GPRASP2;ZNF367;DLGAP5;TCF19;HELLS;RMI2;TPI1;TCF15;NSUN2;TESC;EN2;EN1;PAX6;BAZ1A;MMP12;PSMA5;TUBB2B;KIFC1;ITPKA;TET3;HCLS1;CRYAB;AHNAK;SYNPO2;HOXD10;CENPA;ASCL2;RECQL4;PRAME;CHML;ZNF101;CENPU;EGLN3;TIGAR;GSN;CDKN2A;STAT1;ATAD2;POU4F1;TUBB4A;CENPE;CENPF;FABP4;CENPH;WT1;ZNF219;CDKN3;MYLK2;IRS1;RTKN2;FAM107A;SALL2;NEK2;KPNA2;TXNL4A;CDKL2;TLE2;MAGI2;ZFP69B;ZBTB32;CDC25C;FOXP3;ILF2;FOXP2;CDC25A;SAP30;TRAIP;CLIP3;MAPKAPK2;SNRPG;PGR;PPEF1;AJUBA;DGKI;IPPK;BLM;DNMT1;GPR88;FOXO4;AK5;MACROH2A1;CORO1A;BCL2L12;RAD51AP1;ORC1;NACC1;NDN;SMYD1;FANCA;FBXO32;MCC;AICDA;NDC80;TRMT9B;MLXIPL;CDK5;LHX2;ARPC3;NFE2L3;CDK1;HPSE;MYD88;PIWIL2;ARHGAP11A;CALCOCO1;ONECUT2;FHL1;MCM10;FASLG;PTPN22;FOXM1;TNFSF13B;EXO1;PPP6R1;NKX3-2;ACTR3;ACTR2;RFC4;DST;SMC1A;ASPM;ARL4A;ESPL1;SLC25A19;ESRP1;NOS1AP;MCM4;DSG1;BIRC5;MCM6;SLC25A5;GAPDH;MCM2;SPACA9;BIRC3;UHRF1;CEBPE;NLRC5;TTK;BARX2;PPM1G;CDC45;SH3BP1;NOCT;E2F1;E2F3;STOX1;BEND6;H2AZ1;SKOR1;GZMA;KCNIP3;DONSON;GZMB;HNRNPAB;TBX3;RAD51;NOVA1;PRC1;POU2AF2;PTPN6;FOLR1;JPT1;CPNE7;GFI1;MT1M;CCNF;FOXI1;NUDT1;IKZF1;MKI67;IKZF3;TPRXL;RASSF2;RASSF5;CHEK1;PCLAF;RCC1;FBXO5;TP63;KRT4;CIRBP;KNL1;ESCO2;HASPIN;RUNX2;NEIL3;BTK;VDAC1;SIK1;SIK2;DNA2;KIF20A;PFN1;BEX1;MAGED1;SP140;TSHZ2;KLK3;TTBK1;CYP27B1;RACGAP1;CMYA5;ZBED2;APOE;ZBED4;EGR1;CDT1;BCL11B;DDIAS;APOBEC3H;PDE2A;MICAL2;AMMECR1;PTK6;PARP15;PARP12;SMARCA4;MANF;SRPK1;TPX2;ID4;INTS7;CALR;APOBEC3B;TOP2A;H2AX;HMX3;SUV39H2;TENM2;FEN1;CLIC3;CSRNP3;CITED1;PTPRN;OTUD7A;AKR1B1;KIF11;MEOX2;BRCA2;LARP1B;CTSL;ENC1;XPO5;ACADS;AASS;SYK;PARP1;KIF23;TUBG2;MLF1;COMMD5;NME1;RAD51B;TFEC;DEPDC1;MAPT;YAP1;CSTB;PCNA;WAS;CXCR4;RELB;RAD54B;TCEAL7;TCEAL1;PURG;ADAD2;GINS1;H2BC9;GINS2;RANBP1;H2BC8;CAVIN1;GCH1;H2BC5;DMRT2;GINS3;GINS4;SORBS1;BATF;PER2;GARS1;PER1;DPY19L2;KRT15;STK17B;CAMK4;KRT14;BMAL2;TRIP13;NEUROG2;MAD2L1;CDK5R1;PRDM5;PRDM1;YARS1;NR3C2;RGS2;PTTG1;BASP1;SVEP1;KNTC1;TGM2;KRT6A;PDGFRA;H2AC8;MORC4;BORA;THEMIS;ARID5A;LMO7;POU3F1;POU3F3;ADAM19;SPOCD1;CCNE1;FANCD2;TIMELESS;DPEP1;NUPR2;LMX1B;PSMD14;STK4;ACACB;INAVA;NKAPL;CCNB2;CCNB1;IRAK1;LPXN;CYC1;CLSPN;ECT2;HSPA8;CBX7;UBE2C;CBX2;HMGA1;GGH;ISG15;POU2F2;ZFHX4;ESR1;ISG20;DIAPH1;KIF18A;DIAPH3;KIF18B;NR4A3;UBE2S;UBE2T;UBE2N;CYCS;SAE1;FGF10;FGFR1;THRB;DYRK2;THRA;HSPB6;HSPB7;TNFAIP3;CGAS;LDB2;SOBP;RERG;LMNB1;CALB2;DTWD1;H2BC26;GPER1;SIX2;MYBL2;HORMAD1;CFAP45;CAMK1D;ETV1;OLIG1;TENT5B;YWHAZ;TENT5C;H2BC17;KLF15;ETV7;CCNA2;H2BC12;IQCN;H2BC13;OAS1;ELF4;IRF4;IRF1;H2BC11;IRF7;IRF8;IRF5;RBMS3;SASH3;OTUB2;LEF1;CAMK2A;USP18;AURKB;AURKA;TFPT;CBS;TBX21;MXI1;ATOH8;RGS22;PDLIM4;GBP4;TCF7L2;TAF13;LIMK1;NAP1L2;ARID3A;ARID3B;TBX18;WARS1;TICRR;TEF;RGS10;SPRY2;BAX;S100P;NAA15;LPIN3;BNIPL
GO_Cellular_Component_2023,Nuclear Lumen (GO:0031981),80/780,0.9999922032227486,0.9999937309927944,0,0,0.5892925780177541,4.594600878258229e-06,TOP2A;JPT1;FEN1;PRDM5;FOXI1;HJURP;MCM10;PRDM1;LDB2;FMN2;STON2;MKI67;FBLL1;GLI3;TNFSF13B;PHF8;OASL;RPS6KA6;CPT2;GPER1;SCN5A;MNX1;MAGI1;ABCC4;PARP1;NSUN2;CD180;MARS1;ZFP69B;EN2;ARID5A;URB2;BAZ1A;PIMREG;ILF2;TRAIP;ARL4A;GPRC5A;SAPCD2;FANCD2;BIRC5;MCM2;IPPK;CSTB;BLM;NRXN1;CDCA8;ABCB8;AK5;PKMYT1;MACROH2A1;FBXL22;NWD1;MXI1;BEND3;DCAF13;E2F8;ADAD2;PLK4;STAT1;TAF13;PYHIN1;CDC6;BYSL;SMARCA4;VMP1;ISG20;BOP1;RAD51;CENPH;NOVA1;UBE2T;PTPN6;MNDA;BMAL2;CEP85;NOP53;HOXD9;SPC24;NEK11
GO_Cellular_Component_2023,Organelle Inner Membrane (GO:0019866),33/398,0.9999926718739354,0.9999937309927944,0,0,0.4688303211332385,3.435660284677419e-06,SLC27A1;TOMM40;MCUB;MRPS12;UCP1;IFI6;MRPL37;MRPL13;TMEM70;HSPD1;CKMT2;SLC25A27;APOO;IMMP2L;AIFM1;CPT2;UCP2;TIMM17A;CYC1;MYOC;RSAD2;PDE2A;COX6C;GARS1;COQ2;DPY19L2;SCO2;SLC25A19;CYCS;MICU3;ALDH18A1;SLC25A5;SLC25A13
GO_Cellular_Component_2023,Nucleolus (GO:0005730),77/771,0.9999928342677976,0.9999937309927944,0,0,0.5717616138328531,4.097105287790624e-06,TOP2A;JPT1;FEN1;PRDM5;FOXI1;HJURP;MCM10;PRDM1;LDB2;FMN2;STON2;MKI67;FBLL1;GLI3;TNFSF13B;PHF8;OASL;RPS6KA6;CPT2;GPER1;SCN5A;MNX1;MAGI1;ABCC4;PARP1;NSUN2;CD180;MARS1;ZFP69B;EN2;ARID5A;URB2;PIMREG;ILF2;TRAIP;ARL4A;GPRC5A;SAPCD2;FANCD2;MCM2;IPPK;CSTB;BLM;NRXN1;CDCA8;ABCB8;AK5;PKMYT1;MACROH2A1;FBXL22;NWD1;MXI1;BEND3;DCAF13;E2F8;ADAD2;PLK4;STAT1;TAF13;PYHIN1;CDC6;BYSL;SMARCA4;VMP1;ISG20;BOP1;CENPH;NOVA1;UBE2T;PTPN6;MNDA;BMAL2;CEP85;NOP53;HOXD9;SPC24;NEK11
GO_Cellular_Component_2023,U2-type Spliceosomal Complex (GO:0005684),2/90,0.9999937309927944,0.9999937309927944,0,0,0.1186789772727272,7.440016957511541e-07,SNRPG;TXNL4A
